This is XeTeX, Version 3.141592653-2.6-0.999995 (TeX Live 2023/Debian) (preloaded format=xelatex 2026.3.23)  18 MAY 2026 15:34
entering extended mode
 restricted \write18 enabled.
 file:line:error style messages enabled.
 %&-line parsing enabled.
**demo.tex
(./demo.tex
LaTeX2e <2023-11-01> patch level 1
L3 programming layer <2024-01-22>
(/usr/share/texlive/texmf-dist/tex/latex/beamer/beamer.cls
Document Class: beamer 2024/01/06 v3.71 A class for typesetting presentations
(/usr/share/texlive/texmf-dist/tex/latex/beamer/beamerbasemodes.sty
(/usr/share/texlive/texmf-dist/tex/latex/etoolbox/etoolbox.sty
Package: etoolbox 2020/10/05 v2.5k e-TeX tools for LaTeX (JAW)
\etb@tempcnta=\count183
)
\beamer@tempbox=\box51
\beamer@tempcount=\count184
\c@beamerpauses=\count185

(/usr/share/texlive/texmf-dist/tex/latex/beamer/beamerbasedecode.sty
\beamer@slideinframe=\count186
\beamer@minimum=\count187
\beamer@decode@box=\box52
)
\beamer@commentbox=\box53
\beamer@modecount=\count188
)
(/usr/share/texlive/texmf-dist/tex/generic/iftex/iftex.sty
Package: iftex 2022/02/03 v1.0f TeX engine tests
)
\headdp=\dimen140
\footheight=\dimen141
\sidebarheight=\dimen142
\beamer@tempdim=\dimen143
\beamer@finalheight=\dimen144
\beamer@animht=\dimen145
\beamer@animdp=\dimen146
\beamer@animwd=\dimen147
\beamer@leftmargin=\dimen148
\beamer@rightmargin=\dimen149
\beamer@leftsidebar=\dimen150
\beamer@rightsidebar=\dimen151
\beamer@boxsize=\dimen152
\beamer@vboxoffset=\dimen153
\beamer@descdefault=\dimen154
\beamer@descriptionwidth=\dimen155
\beamer@lastskip=\skip48
\beamer@areabox=\box54
\beamer@animcurrent=\box55
\beamer@animshowbox=\box56
\beamer@sectionbox=\box57
\beamer@logobox=\box58
\beamer@linebox=\box59
\beamer@sectioncount=\count189
\beamer@subsubsectionmax=\count190
\beamer@subsectionmax=\count191
\beamer@sectionmax=\count192
\beamer@totalheads=\count193
\beamer@headcounter=\count194
\beamer@partstartpage=\count195
\beamer@sectionstartpage=\count196
\beamer@subsectionstartpage=\count197
\beamer@animationtempa=\count198
\beamer@animationtempb=\count199
\beamer@xpos=\count266
\beamer@ypos=\count267
\beamer@ypos@offset=\count268
\beamer@showpartnumber=\count269
\beamer@currentsubsection=\count270
\beamer@coveringdepth=\count271
\beamer@sectionadjust=\count272
\beamer@toclastsection=\count273
\beamer@tocsectionnumber=\count274

(/usr/share/texlive/texmf-dist/tex/latex/beamer/beamerbaseoptions.sty
(/usr/share/texlive/texmf-dist/tex/latex/graphics/keyval.sty
Package: keyval 2022/05/29 v1.15 key=value parser (DPC)
\KV@toks@=\toks17
))
\beamer@paperwidth=\skip49
\beamer@paperheight=\skip50

(/usr/share/texlive/texmf-dist/tex/latex/geometry/geometry.sty
Package: geometry 2020/01/02 v5.9 Page Geometry

(/usr/share/texlive/texmf-dist/tex/generic/iftex/ifvtex.sty
Package: ifvtex 2019/10/25 v1.7 ifvtex legacy package. Use iftex instead.
)
\Gm@cnth=\count275
\Gm@cntv=\count276
\c@Gm@tempcnt=\count277
\Gm@bindingoffset=\dimen156
\Gm@wd@mp=\dimen157
\Gm@odd@mp=\dimen158
\Gm@even@mp=\dimen159
\Gm@layoutwidth=\dimen160
\Gm@layoutheight=\dimen161
\Gm@layouthoffset=\dimen162
\Gm@layoutvoffset=\dimen163
\Gm@dimlist=\toks18
)
(/usr/share/texlive/texmf-dist/tex/latex/pgf/math/pgfmath.sty
(/usr/share/texlive/texmf-dist/tex/latex/pgf/utilities/pgfrcs.sty
(/usr/share/texlive/texmf-dist/tex/generic/pgf/utilities/pgfutil-common.tex
\pgfutil@everybye=\toks19
\pgfutil@tempdima=\dimen164
\pgfutil@tempdimb=\dimen165
)
(/usr/share/texlive/texmf-dist/tex/generic/pgf/utilities/pgfutil-latex.def
\pgfutil@abb=\box60
)
(/usr/share/texlive/texmf-dist/tex/generic/pgf/utilities/pgfrcs.code.tex
(/usr/share/texlive/texmf-dist/tex/generic/pgf/pgf.revision.tex)
Package: pgfrcs 2023-01-15 v3.1.10 (3.1.10)
))
(/usr/share/texlive/texmf-dist/tex/latex/pgf/utilities/pgfkeys.sty
(/usr/share/texlive/texmf-dist/tex/generic/pgf/utilities/pgfkeys.code.tex
\pgfkeys@pathtoks=\toks20
\pgfkeys@temptoks=\toks21

(/usr/share/texlive/texmf-dist/tex/generic/pgf/utilities/pgfkeyslibraryfiltered
.code.tex
\pgfkeys@tmptoks=\toks22
)))
(/usr/share/texlive/texmf-dist/tex/generic/pgf/math/pgfmath.code.tex
(/usr/share/texlive/texmf-dist/tex/generic/pgf/math/pgfmathutil.code.tex
\pgf@x=\dimen166
\pgf@xa=\dimen167
\pgf@xb=\dimen168
\pgf@xc=\dimen169
\pgf@y=\dimen170
\pgf@ya=\dimen171
\pgf@yb=\dimen172
\pgf@yc=\dimen173
\c@pgf@counta=\count278
\c@pgf@countb=\count279
\c@pgf@countc=\count280
\c@pgf@countd=\count281
)
(/usr/share/texlive/texmf-dist/tex/generic/pgf/math/pgfmathparser.code.tex
\pgfmath@dimen=\dimen174
\pgfmath@count=\count282
\pgfmath@box=\box61
\pgfmath@toks=\toks23
\pgfmath@stack@operand=\toks24
\pgfmath@stack@operation=\toks25
)
(/usr/share/texlive/texmf-dist/tex/generic/pgf/math/pgfmathfunctions.code.tex)
(/usr/share/texlive/texmf-dist/tex/generic/pgf/math/pgfmathfunctions.basic.code
.tex)
(/usr/share/texlive/texmf-dist/tex/generic/pgf/math/pgfmathfunctions.trigonomet
ric.code.tex)
(/usr/share/texlive/texmf-dist/tex/generic/pgf/math/pgfmathfunctions.random.cod
e.tex)
(/usr/share/texlive/texmf-dist/tex/generic/pgf/math/pgfmathfunctions.comparison
.code.tex)
(/usr/share/texlive/texmf-dist/tex/generic/pgf/math/pgfmathfunctions.base.code.
tex)
(/usr/share/texlive/texmf-dist/tex/generic/pgf/math/pgfmathfunctions.round.code
.tex)
(/usr/share/texlive/texmf-dist/tex/generic/pgf/math/pgfmathfunctions.misc.code.
tex)
(/usr/share/texlive/texmf-dist/tex/generic/pgf/math/pgfmathfunctions.integerari
thmetics.code.tex)
(/usr/share/texlive/texmf-dist/tex/generic/pgf/math/pgfmathcalc.code.tex)
(/usr/share/texlive/texmf-dist/tex/generic/pgf/math/pgfmathfloat.code.tex
\c@pgfmathroundto@lastzeros=\count283
)))
(/usr/share/texlive/texmf-dist/tex/latex/base/size10.clo
File: size10.clo 2023/05/17 v1.4n Standard LaTeX file (size option)
)
(/usr/share/texlive/texmf-dist/tex/latex/pgf/basiclayer/pgfcore.sty
(/usr/share/texlive/texmf-dist/tex/latex/graphics/graphicx.sty
Package: graphicx 2021/09/16 v1.2d Enhanced LaTeX Graphics (DPC,SPQR)

(/usr/share/texlive/texmf-dist/tex/latex/graphics/graphics.sty
Package: graphics 2022/03/10 v1.4e Standard LaTeX Graphics (DPC,SPQR)

(/usr/share/texlive/texmf-dist/tex/latex/graphics/trig.sty
Package: trig 2021/08/11 v1.11 sin cos tan (DPC)
)
(/usr/share/texlive/texmf-dist/tex/latex/graphics-cfg/graphics.cfg
File: graphics.cfg 2016/06/04 v1.11 sample graphics configuration
)
Package graphics Info: Driver file: xetex.def on input line 107.

(/usr/share/texlive/texmf-dist/tex/latex/graphics-def/xetex.def
File: xetex.def 2022/09/22 v5.0n Graphics/color driver for xetex
))
\Gin@req@height=\dimen175
\Gin@req@width=\dimen176
)
(/usr/share/texlive/texmf-dist/tex/latex/pgf/systemlayer/pgfsys.sty
(/usr/share/texlive/texmf-dist/tex/generic/pgf/systemlayer/pgfsys.code.tex
Package: pgfsys 2023-01-15 v3.1.10 (3.1.10)
\pgf@x=\dimen177
\pgf@y=\dimen178
\pgf@xa=\dimen179
\pgf@ya=\dimen180
\pgf@xb=\dimen181
\pgf@yb=\dimen182
\pgf@xc=\dimen183
\pgf@yc=\dimen184
\pgf@xd=\dimen185
\pgf@yd=\dimen186
\w@pgf@writea=\write3
\r@pgf@reada=\read2
\c@pgf@counta=\count284
\c@pgf@countb=\count285
\c@pgf@countc=\count286
\c@pgf@countd=\count287
\t@pgf@toka=\toks26
\t@pgf@tokb=\toks27
\t@pgf@tokc=\toks28
\pgf@sys@id@count=\count288

(/usr/share/texlive/texmf-dist/tex/generic/pgf/systemlayer/pgf.cfg
File: pgf.cfg 2023-01-15 v3.1.10 (3.1.10)
)
Driver file for pgf: pgfsys-xetex.def

(/usr/share/texlive/texmf-dist/tex/generic/pgf/systemlayer/pgfsys-xetex.def
File: pgfsys-xetex.def 2023-01-15 v3.1.10 (3.1.10)

(/usr/share/texlive/texmf-dist/tex/generic/pgf/systemlayer/pgfsys-dvipdfmx.def
File: pgfsys-dvipdfmx.def 2023-01-15 v3.1.10 (3.1.10)

(/usr/share/texlive/texmf-dist/tex/generic/pgf/systemlayer/pgfsys-common-pdf.de
f
File: pgfsys-common-pdf.def 2023-01-15 v3.1.10 (3.1.10)
)
\pgfsys@objnum=\count289
)))
(/usr/share/texlive/texmf-dist/tex/generic/pgf/systemlayer/pgfsyssoftpath.code.
tex
File: pgfsyssoftpath.code.tex 2023-01-15 v3.1.10 (3.1.10)
\pgfsyssoftpath@smallbuffer@items=\count290
\pgfsyssoftpath@bigbuffer@items=\count291
)
(/usr/share/texlive/texmf-dist/tex/generic/pgf/systemlayer/pgfsysprotocol.code.
tex
File: pgfsysprotocol.code.tex 2023-01-15 v3.1.10 (3.1.10)
)) (/usr/share/texlive/texmf-dist/tex/latex/xcolor/xcolor.sty
Package: xcolor 2023/11/15 v3.01 LaTeX color extensions (UK)

(/usr/share/texlive/texmf-dist/tex/latex/graphics-cfg/color.cfg
File: color.cfg 2016/01/02 v1.6 sample color configuration
)
Package xcolor Info: Driver file: xetex.def on input line 274.

(/usr/share/texlive/texmf-dist/tex/latex/graphics/mathcolor.ltx)
Package xcolor Info: Model `cmy' substituted by `cmy0' on input line 1350.
Package xcolor Info: Model `RGB' extended on input line 1366.
Package xcolor Info: Model `HTML' substituted by `rgb' on input line 1368.
Package xcolor Info: Model `Hsb' substituted by `hsb' on input line 1369.
Package xcolor Info: Model `tHsb' substituted by `hsb' on input line 1370.
Package xcolor Info: Model `HSB' substituted by `hsb' on input line 1371.
Package xcolor Info: Model `Gray' substituted by `gray' on input line 1372.
Package xcolor Info: Model `wave' substituted by `hsb' on input line 1373.
)
(/usr/share/texlive/texmf-dist/tex/generic/pgf/basiclayer/pgfcore.code.tex
Package: pgfcore 2023-01-15 v3.1.10 (3.1.10)

(/usr/share/texlive/texmf-dist/tex/generic/pgf/math/pgfint.code.tex)
(/usr/share/texlive/texmf-dist/tex/generic/pgf/basiclayer/pgfcorepoints.code.te
x
File: pgfcorepoints.code.tex 2023-01-15 v3.1.10 (3.1.10)
\pgf@picminx=\dimen187
\pgf@picmaxx=\dimen188
\pgf@picminy=\dimen189
\pgf@picmaxy=\dimen190
\pgf@pathminx=\dimen191
\pgf@pathmaxx=\dimen192
\pgf@pathminy=\dimen193
\pgf@pathmaxy=\dimen194
\pgf@xx=\dimen195
\pgf@xy=\dimen196
\pgf@yx=\dimen197
\pgf@yy=\dimen198
\pgf@zx=\dimen199
\pgf@zy=\dimen256
)
(/usr/share/texlive/texmf-dist/tex/generic/pgf/basiclayer/pgfcorepathconstruct.
code.tex
File: pgfcorepathconstruct.code.tex 2023-01-15 v3.1.10 (3.1.10)
\pgf@path@lastx=\dimen257
\pgf@path@lasty=\dimen258
)
(/usr/share/texlive/texmf-dist/tex/generic/pgf/basiclayer/pgfcorepathusage.code
.tex
File: pgfcorepathusage.code.tex 2023-01-15 v3.1.10 (3.1.10)
\pgf@shorten@end@additional=\dimen259
\pgf@shorten@start@additional=\dimen260
)
(/usr/share/texlive/texmf-dist/tex/generic/pgf/basiclayer/pgfcorescopes.code.te
x
File: pgfcorescopes.code.tex 2023-01-15 v3.1.10 (3.1.10)
\pgfpic=\box62
\pgf@hbox=\box63
\pgf@layerbox@main=\box64
\pgf@picture@serial@count=\count292
)
(/usr/share/texlive/texmf-dist/tex/generic/pgf/basiclayer/pgfcoregraphicstate.c
ode.tex
File: pgfcoregraphicstate.code.tex 2023-01-15 v3.1.10 (3.1.10)
\pgflinewidth=\dimen261
)
(/usr/share/texlive/texmf-dist/tex/generic/pgf/basiclayer/pgfcoretransformation
s.code.tex
File: pgfcoretransformations.code.tex 2023-01-15 v3.1.10 (3.1.10)
\pgf@pt@x=\dimen262
\pgf@pt@y=\dimen263
\pgf@pt@temp=\dimen264
)
(/usr/share/texlive/texmf-dist/tex/generic/pgf/basiclayer/pgfcorequick.code.tex
File: pgfcorequick.code.tex 2023-01-15 v3.1.10 (3.1.10)
)
(/usr/share/texlive/texmf-dist/tex/generic/pgf/basiclayer/pgfcoreobjects.code.t
ex
File: pgfcoreobjects.code.tex 2023-01-15 v3.1.10 (3.1.10)
)
(/usr/share/texlive/texmf-dist/tex/generic/pgf/basiclayer/pgfcorepathprocessing
.code.tex
File: pgfcorepathprocessing.code.tex 2023-01-15 v3.1.10 (3.1.10)
)
(/usr/share/texlive/texmf-dist/tex/generic/pgf/basiclayer/pgfcorearrows.code.te
x
File: pgfcorearrows.code.tex 2023-01-15 v3.1.10 (3.1.10)
\pgfarrowsep=\dimen265
)
(/usr/share/texlive/texmf-dist/tex/generic/pgf/basiclayer/pgfcoreshade.code.tex
File: pgfcoreshade.code.tex 2023-01-15 v3.1.10 (3.1.10)
\pgf@max=\dimen266
\pgf@sys@shading@range@num=\count293
\pgf@shadingcount=\count294
)
(/usr/share/texlive/texmf-dist/tex/generic/pgf/basiclayer/pgfcoreimage.code.tex
File: pgfcoreimage.code.tex 2023-01-15 v3.1.10 (3.1.10)
)
(/usr/share/texlive/texmf-dist/tex/generic/pgf/basiclayer/pgfcoreexternal.code.
tex
File: pgfcoreexternal.code.tex 2023-01-15 v3.1.10 (3.1.10)
\pgfexternal@startupbox=\box65
)
(/usr/share/texlive/texmf-dist/tex/generic/pgf/basiclayer/pgfcorelayers.code.te
x
File: pgfcorelayers.code.tex 2023-01-15 v3.1.10 (3.1.10)
)
(/usr/share/texlive/texmf-dist/tex/generic/pgf/basiclayer/pgfcoretransparency.c
ode.tex
File: pgfcoretransparency.code.tex 2023-01-15 v3.1.10 (3.1.10)
)
(/usr/share/texlive/texmf-dist/tex/generic/pgf/basiclayer/pgfcorepatterns.code.
tex
File: pgfcorepatterns.code.tex 2023-01-15 v3.1.10 (3.1.10)
)
(/usr/share/texlive/texmf-dist/tex/generic/pgf/basiclayer/pgfcorerdf.code.tex
File: pgfcorerdf.code.tex 2023-01-15 v3.1.10 (3.1.10)
))) (/usr/share/texlive/texmf-dist/tex/latex/pgf/utilities/xxcolor.sty
Package: xxcolor 2003/10/24 ver 0.1
\XC@nummixins=\count295
\XC@countmixins=\count296
)
(/usr/share/texlive/texmf-dist/tex/latex/base/atbegshi-ltx.sty
Package: atbegshi-ltx 2021/01/10 v1.0c Emulation of the original atbegshi
package with kernel methods
)
(/usr/share/texlive/texmf-dist/tex/latex/hyperref/hyperref.sty
Package: hyperref 2024-01-20 v7.01h Hypertext links for LaTeX

(/usr/share/texlive/texmf-dist/tex/latex/kvsetkeys/kvsetkeys.sty
Package: kvsetkeys 2022-10-05 v1.19 Key value parser (HO)
)
(/usr/share/texlive/texmf-dist/tex/generic/kvdefinekeys/kvdefinekeys.sty
Package: kvdefinekeys 2019-12-19 v1.6 Define keys (HO)
)
(/usr/share/texlive/texmf-dist/tex/generic/pdfescape/pdfescape.sty
Package: pdfescape 2019/12/09 v1.15 Implements pdfTeX's escape features (HO)

(/usr/share/texlive/texmf-dist/tex/generic/ltxcmds/ltxcmds.sty
Package: ltxcmds 2023-12-04 v1.26 LaTeX kernel commands for general use (HO)
)
(/usr/share/texlive/texmf-dist/tex/generic/pdftexcmds/pdftexcmds.sty
Package: pdftexcmds 2020-06-27 v0.33 Utility functions of pdfTeX for LuaTeX (HO
)

(/usr/share/texlive/texmf-dist/tex/generic/infwarerr/infwarerr.sty
Package: infwarerr 2019/12/03 v1.5 Providing info/warning/error messages (HO)
)
Package pdftexcmds Info: \pdf@primitive is available.
Package pdftexcmds Info: \pdf@ifprimitive is available.
Package pdftexcmds Info: \pdfdraftmode not found.
))
(/usr/share/texlive/texmf-dist/tex/latex/hycolor/hycolor.sty
Package: hycolor 2020-01-27 v1.10 Color options for hyperref/bookmark (HO)
)
(/usr/share/texlive/texmf-dist/tex/latex/auxhook/auxhook.sty
Package: auxhook 2019-12-17 v1.6 Hooks for auxiliary files (HO)
)
(/usr/share/texlive/texmf-dist/tex/latex/hyperref/nameref.sty
Package: nameref 2023-11-26 v2.56 Cross-referencing by name of section

(/usr/share/texlive/texmf-dist/tex/latex/refcount/refcount.sty
Package: refcount 2019/12/15 v3.6 Data extraction from label references (HO)
)
(/usr/share/texlive/texmf-dist/tex/generic/gettitlestring/gettitlestring.sty
Package: gettitlestring 2019/12/15 v1.6 Cleanup title references (HO)

(/usr/share/texlive/texmf-dist/tex/latex/kvoptions/kvoptions.sty
Package: kvoptions 2022-06-15 v3.15 Key value format for package options (HO)
))
\c@section@level=\count297
)
\@linkdim=\dimen267
\Hy@linkcounter=\count298
\Hy@pagecounter=\count299

(/usr/share/texlive/texmf-dist/tex/latex/hyperref/pd1enc.def
File: pd1enc.def 2024-01-20 v7.01h Hyperref: PDFDocEncoding definition (HO)
)
(/usr/share/texlive/texmf-dist/tex/generic/intcalc/intcalc.sty
Package: intcalc 2019/12/15 v1.3 Expandable calculations with integers (HO)
)
\Hy@SavedSpaceFactor=\count300

(/usr/share/texlive/texmf-dist/tex/latex/hyperref/puenc.def
File: puenc.def 2024-01-20 v7.01h Hyperref: PDF Unicode definition (HO)
)
Package hyperref Info: Option `bookmarks' set `true' on input line 4062.
Package hyperref Info: Option `bookmarksopen' set `true' on input line 4062.
Package hyperref Info: Option `implicit' set `false' on input line 4062.
Package hyperref Info: Hyper figures OFF on input line 4179.
Package hyperref Info: Link nesting OFF on input line 4184.
Package hyperref Info: Hyper index ON on input line 4187.
Package hyperref Info: Plain pages OFF on input line 4194.
Package hyperref Info: Backreferencing OFF on input line 4199.
Package hyperref Info: Implicit mode OFF; no redefinition of LaTeX internals.
Package hyperref Info: Bookmarks ON on input line 4446.
\c@Hy@tempcnt=\count301

(/usr/share/texlive/texmf-dist/tex/latex/url/url.sty
\Urlmuskip=\muskip16
Package: url 2013/09/16  ver 3.4  Verb mode for urls, etc.
)
LaTeX Info: Redefining \url on input line 4784.
\XeTeXLinkMargin=\dimen268

(/usr/share/texlive/texmf-dist/tex/generic/bitset/bitset.sty
Package: bitset 2019/12/09 v1.3 Handle bit-vector datatype (HO)

(/usr/share/texlive/texmf-dist/tex/generic/bigintcalc/bigintcalc.sty
Package: bigintcalc 2019/12/15 v1.5 Expandable calculations on big integers (HO
)
))
\Fld@menulength=\count302
\Field@Width=\dimen269
\Fld@charsize=\dimen270
Package hyperref Info: Hyper figures OFF on input line 6063.
Package hyperref Info: Link nesting OFF on input line 6068.
Package hyperref Info: Hyper index ON on input line 6071.
Package hyperref Info: backreferencing OFF on input line 6078.
Package hyperref Info: Link coloring OFF on input line 6083.
Package hyperref Info: Link coloring with OCG OFF on input line 6088.
Package hyperref Info: PDF/A mode OFF on input line 6093.
\Hy@abspage=\count303


Package hyperref Message: Stopped early.

)
Package hyperref Info: Driver (autodetected): hxetex.
 (/usr/share/texlive/texmf-dist/tex/latex/hyperref/hxetex.def
File: hxetex.def 2024-01-20 v7.01h Hyperref driver for XeTeX

(/usr/share/texlive/texmf-dist/tex/generic/stringenc/stringenc.sty
Package: stringenc 2019/11/29 v1.12 Convert strings between diff. encodings (HO
)
)
\pdfm@box=\box66
\c@Hy@AnnotLevel=\count304
\HyField@AnnotCount=\count305
\Fld@listcount=\count306
\c@bookmark@seq@number=\count307

(/usr/share/texlive/texmf-dist/tex/latex/rerunfilecheck/rerunfilecheck.sty
Package: rerunfilecheck 2022-07-10 v1.10 Rerun checks for auxiliary files (HO)

(/usr/share/texlive/texmf-dist/tex/latex/base/atveryend-ltx.sty
Package: atveryend-ltx 2020/08/19 v1.0a Emulation of the original atveryend pac
kage
with kernel methods
)
(/usr/share/texlive/texmf-dist/tex/generic/uniquecounter/uniquecounter.sty
Package: uniquecounter 2019/12/15 v1.4 Provide unlimited unique counter (HO)
)
Package uniquecounter Info: New unique counter `rerunfilecheck' on input line 2
85.
))
(/usr/share/texlive/texmf-dist/tex/latex/beamer/beamerbaserequires.sty
(/usr/share/texlive/texmf-dist/tex/latex/beamer/beamerbasecompatibility.sty)
(/usr/share/texlive/texmf-dist/tex/latex/beamer/beamerbasefont.sty
(/usr/share/texlive/texmf-dist/tex/latex/amsfonts/amssymb.sty
Package: amssymb 2013/01/14 v3.01 AMS font symbols

(/usr/share/texlive/texmf-dist/tex/latex/amsfonts/amsfonts.sty
Package: amsfonts 2013/01/14 v3.01 Basic AMSFonts support
\@emptytoks=\toks29
\symAMSa=\mathgroup4
\symAMSb=\mathgroup5
LaTeX Font Info:    Redeclaring math symbol \hbar on input line 98.
LaTeX Font Info:    Overwriting math alphabet `\mathfrak' in version `bold'
(Font)                  U/euf/m/n --> U/euf/b/n on input line 106.
))
(/usr/share/texlive/texmf-dist/tex/latex/sansmathaccent/sansmathaccent.sty
Package: sansmathaccent 2020/01/31

(/usr/share/texlive/texmf-dist/tex/latex/koma-script/scrlfile.sty
Package: scrlfile 2023/07/07 v3.41 KOMA-Script package (file load hooks)

(/usr/share/texlive/texmf-dist/tex/latex/koma-script/scrlfile-hook.sty
Package: scrlfile-hook 2023/07/07 v3.41 KOMA-Script package (using LaTeX hooks)


(/usr/share/texlive/texmf-dist/tex/latex/koma-script/scrlogo.sty
Package: scrlogo 2023/07/07 v3.41 KOMA-Script package (logo)
)))))
(/usr/share/texlive/texmf-dist/tex/latex/beamer/beamerbasetranslator.sty
(/usr/share/texlive/texmf-dist/tex/latex/translator/translator.sty
Package: translator 2021-05-31 v1.12d Easy translation of strings in LaTeX
))
(/usr/share/texlive/texmf-dist/tex/latex/beamer/beamerbasemisc.sty)
(/usr/share/texlive/texmf-dist/tex/latex/beamer/beamerbasetwoscreens.sty)
(/usr/share/texlive/texmf-dist/tex/latex/beamer/beamerbaseoverlay.sty
\beamer@argscount=\count308
\beamer@lastskipcover=\skip51
\beamer@trivlistdepth=\count309
)
(/usr/share/texlive/texmf-dist/tex/latex/beamer/beamerbasetitle.sty)
(/usr/share/texlive/texmf-dist/tex/latex/beamer/beamerbasesection.sty
\c@lecture=\count310
\c@part=\count311
\c@section=\count312
\c@subsection=\count313
\c@subsubsection=\count314
)
(/usr/share/texlive/texmf-dist/tex/latex/beamer/beamerbaseframe.sty
\beamer@framebox=\box67
\beamer@frametitlebox=\box68
\beamer@zoombox=\box69
\beamer@zoomcount=\count315
\beamer@zoomframecount=\count316
\beamer@frametextheight=\dimen271
\c@subsectionslide=\count317
\beamer@frametopskip=\skip52
\beamer@framebottomskip=\skip53
\beamer@frametopskipautobreak=\skip54
\beamer@framebottomskipautobreak=\skip55
\beamer@envbody=\toks30
\framewidth=\dimen272
\c@framenumber=\count318
)
(/usr/share/texlive/texmf-dist/tex/latex/beamer/beamerbaseverbatim.sty
\beamer@verbatimfileout=\write4
)
(/usr/share/texlive/texmf-dist/tex/latex/beamer/beamerbaseframesize.sty
\beamer@splitbox=\box70
\beamer@autobreakcount=\count319
\beamer@autobreaklastheight=\dimen273
\beamer@frametitletoks=\toks31
\beamer@framesubtitletoks=\toks32
)
(/usr/share/texlive/texmf-dist/tex/latex/beamer/beamerbaseframecomponents.sty
\beamer@footins=\box71
)
(/usr/share/texlive/texmf-dist/tex/latex/beamer/beamerbasecolor.sty)
(/usr/share/texlive/texmf-dist/tex/latex/beamer/beamerbasenotes.sty
\beamer@frameboxcopy=\box72
)
(/usr/share/texlive/texmf-dist/tex/latex/beamer/beamerbasetoc.sty)
(/usr/share/texlive/texmf-dist/tex/latex/beamer/beamerbasetemplates.sty
\beamer@sbttoks=\toks33

(/usr/share/texlive/texmf-dist/tex/latex/beamer/beamerbaseauxtemplates.sty
(/usr/share/texlive/texmf-dist/tex/latex/beamer/beamerbaseboxes.sty
\bmb@box=\box73
\bmb@colorbox=\box74
\bmb@boxwidth=\dimen274
\bmb@boxheight=\dimen275
\bmb@prevheight=\dimen276
\bmb@temp=\dimen277
\bmb@dima=\dimen278
\bmb@dimb=\dimen279
\bmb@prevheight=\dimen280
)
\beamer@blockheadheight=\dimen281
))
(/usr/share/texlive/texmf-dist/tex/latex/beamer/beamerbaselocalstructure.sty
(/usr/share/texlive/texmf-dist/tex/latex/tools/enumerate.sty
Package: enumerate 2023/07/04 v3.00 enumerate extensions (DPC)
\@enLab=\toks34
)
\beamer@bibiconwidth=\skip56
\c@figure=\count320
\c@table=\count321
\abovecaptionskip=\skip57
\belowcaptionskip=\skip58
)
(/usr/share/texlive/texmf-dist/tex/latex/beamer/beamerbasenavigation.sty
(/usr/share/texlive/texmf-dist/tex/latex/beamer/beamerbasenavigationsymbols.tex
)
\beamer@section@min@dim=\dimen282
) (/usr/share/texlive/texmf-dist/tex/latex/beamer/beamerbasetheorems.sty
(/usr/share/texlive/texmf-dist/tex/latex/amsmath/amsmath.sty
Package: amsmath 2023/05/13 v2.17o AMS math features
\@mathmargin=\skip59

For additional information on amsmath, use the `?' option.
(/usr/share/texlive/texmf-dist/tex/latex/amsmath/amstext.sty
Package: amstext 2021/08/26 v2.01 AMS text

(/usr/share/texlive/texmf-dist/tex/latex/amsmath/amsgen.sty
File: amsgen.sty 1999/11/30 v2.0 generic functions
\@emptytoks=\toks35
\ex@=\dimen283
))
(/usr/share/texlive/texmf-dist/tex/latex/amsmath/amsbsy.sty
Package: amsbsy 1999/11/29 v1.2d Bold Symbols
\pmbraise@=\dimen284
)
(/usr/share/texlive/texmf-dist/tex/latex/amsmath/amsopn.sty
Package: amsopn 2022/04/08 v2.04 operator names
)
\inf@bad=\count322
LaTeX Info: Redefining \frac on input line 234.
\uproot@=\count323
\leftroot@=\count324
LaTeX Info: Redefining \overline on input line 399.
LaTeX Info: Redefining \colon on input line 410.
\classnum@=\count325
\DOTSCASE@=\count326
LaTeX Info: Redefining \ldots on input line 496.
LaTeX Info: Redefining \dots on input line 499.
LaTeX Info: Redefining \cdots on input line 620.
\Mathstrutbox@=\box75
\strutbox@=\box76
LaTeX Info: Redefining \big on input line 722.
LaTeX Info: Redefining \Big on input line 723.
LaTeX Info: Redefining \bigg on input line 724.
LaTeX Info: Redefining \Bigg on input line 725.
\big@size=\dimen285
LaTeX Font Info:    Redeclaring font encoding OML on input line 743.
LaTeX Font Info:    Redeclaring font encoding OMS on input line 744.
\macc@depth=\count327
LaTeX Info: Redefining \bmod on input line 905.
LaTeX Info: Redefining \pmod on input line 910.
LaTeX Info: Redefining \smash on input line 940.
LaTeX Info: Redefining \relbar on input line 970.
LaTeX Info: Redefining \Relbar on input line 971.
\c@MaxMatrixCols=\count328
\dotsspace@=\muskip17
\c@parentequation=\count329
\dspbrk@lvl=\count330
\tag@help=\toks36
\row@=\count331
\column@=\count332
\maxfields@=\count333
\andhelp@=\toks37
\eqnshift@=\dimen286
\alignsep@=\dimen287
\tagshift@=\dimen288
\tagwidth@=\dimen289
\totwidth@=\dimen290
\lineht@=\dimen291
\@envbody=\toks38
\multlinegap=\skip60
\multlinetaggap=\skip61
\mathdisplay@stack=\toks39
LaTeX Info: Redefining \[ on input line 2953.
LaTeX Info: Redefining \] on input line 2954.
)
(/usr/share/texlive/texmf-dist/tex/latex/amscls/amsthm.sty
Package: amsthm 2020/05/29 v2.20.6
\thm@style=\toks40
\thm@bodyfont=\toks41
\thm@headfont=\toks42
\thm@notefont=\toks43
\thm@headpunct=\toks44
\thm@preskip=\skip62
\thm@postskip=\skip63
\thm@headsep=\skip64
\dth@everypar=\toks45
)
\c@theorem=\count334
)
(/usr/share/texlive/texmf-dist/tex/latex/beamer/beamerbasethemes.sty))
(/usr/share/texlive/texmf-dist/tex/latex/beamer/beamerthemedefault.sty
(/usr/share/texlive/texmf-dist/tex/latex/beamer/beamerfontthemedefault.sty)
(/usr/share/texlive/texmf-dist/tex/latex/beamer/beamercolorthemedefault.sty)
(/usr/share/texlive/texmf-dist/tex/latex/beamer/beamerinnerthemedefault.sty
\beamer@dima=\dimen292
\beamer@dimb=\dimen293
)
(/usr/share/texlive/texmf-dist/tex/latex/beamer/beamerouterthemedefault.sty)))
(./beamerthemefocus.sty
Package: beamerthemefocus 2024/02/07 v3.4.0 Focus Beamer theme

(/usr/share/texlive/texmf-dist/tex/latex/base/fontenc.sty
Package: fontenc 2021/04/29 v2.0v Standard LaTeX package
LaTeX Font Info:    Trying to load font information for T1+lmss on input line 1
12.

(/usr/share/texmf/tex/latex/lm/t1lmss.fd
File: t1lmss.fd 2015/05/01 v1.6.1 Font defs for Latin Modern
))
(/usr/share/texlive/texmf-dist/tex/latex/fira/FiraSans.sty
Package: FiraSans 2022/09/17 (Bob Tennent and autoinst) Style file for Fira San
s fonts.

(/usr/share/texlive/texmf-dist/tex/generic/iftex/ifxetex.sty
Package: ifxetex 2019/10/25 v0.7 ifxetex legacy package. Use iftex instead.
)
(/usr/share/texlive/texmf-dist/tex/generic/iftex/ifluatex.sty
Package: ifluatex 2019/10/25 v1.5 ifluatex legacy package. Use iftex instead.
)
(/usr/share/texlive/texmf-dist/tex/latex/xkeyval/xkeyval.sty
Package: xkeyval 2022/06/16 v2.9 package option processing (HA)

(/usr/share/texlive/texmf-dist/tex/generic/xkeyval/xkeyval.tex
(/usr/share/texlive/texmf-dist/tex/generic/xkeyval/xkvutils.tex
\XKV@toks=\toks46
\XKV@tempa@toks=\toks47
)
\XKV@depth=\count335
File: xkeyval.tex 2014/12/03 v2.7a key=value parser (HA)
))
(/usr/share/texlive/texmf-dist/tex/latex/base/textcomp.sty
Package: textcomp 2020/02/02 v2.0n Standard LaTeX package
)
(/usr/share/texlive/texmf-dist/tex/latex/fontspec/fontspec.sty
(/usr/share/texlive/texmf-dist/tex/latex/l3packages/xparse/xparse.sty
(/usr/share/texlive/texmf-dist/tex/latex/l3kernel/expl3.sty
Package: expl3 2024-01-22 L3 programming layer (loader) 

(/usr/share/texlive/texmf-dist/tex/latex/l3backend/l3backend-xetex.def
File: l3backend-xetex.def 2024-01-04 L3 backend support: XeTeX
\g__graphics_track_int=\count336
\l__pdf_internal_box=\box77
\g__pdf_backend_object_int=\count337
\g__pdf_backend_annotation_int=\count338
\g__pdf_backend_link_int=\count339
))
Package: xparse 2023-10-10 L3 Experimental document command parser
)
Package: fontspec 2022/01/15 v2.8a Font selection for XeLaTeX and LuaLaTeX

(/usr/share/texlive/texmf-dist/tex/latex/fontspec/fontspec-xetex.sty
Package: fontspec-xetex 2022/01/15 v2.8a Font selection for XeLaTeX and LuaLaTe
X
\l__fontspec_script_int=\count340
\l__fontspec_language_int=\count341
\l__fontspec_strnum_int=\count342
\l__fontspec_tmp_int=\count343
\l__fontspec_tmpa_int=\count344
\l__fontspec_tmpb_int=\count345
\l__fontspec_tmpc_int=\count346
\l__fontspec_em_int=\count347
\l__fontspec_emdef_int=\count348
\l__fontspec_strong_int=\count349
\l__fontspec_strongdef_int=\count350
\l__fontspec_tmpa_dim=\dimen294
\l__fontspec_tmpb_dim=\dimen295
\l__fontspec_tmpc_dim=\dimen296

(/usr/share/texlive/texmf-dist/tex/latex/base/fontenc.sty
Package: fontenc 2021/04/29 v2.0v Standard LaTeX package
)
(/usr/share/texlive/texmf-dist/tex/latex/fontspec/fontspec.cfg)))

Package fontspec Info: Font family 'FiraSans(0)' created for font 'FiraSans'
(fontspec)             with options [Ligatures = TeX,Scale = 1,Extension =
(fontspec)             .otf,Ligatures=TeX,Numbers =
(fontspec)             {Proportional,OldStyle},UprightFont =
(fontspec)             *-Regular,ItalicFont = *-Italic,BoldFont =
(fontspec)             *-Bold,BoldItalicFont = *-BoldItalic].
(fontspec)              
(fontspec)              This font family consists of the following NFSS
(fontspec)             series/shapes:
(fontspec)              
(fontspec)             - 'normal' (m/n) with NFSS spec.:
(fontspec)             <->s*[1]"[FiraSans-Regular.otf]/OT:script=latn;language=
dflt;+pnum;+onum;mapping=tex-text;"
(fontspec)             - 'small caps'  (m/sc) with NFSS spec.:
(fontspec)             <->s*[1]"[FiraSans-Regular.otf]/OT:script=latn;language=
dflt;+pnum;+onum;+smcp;mapping=tex-text;"
(fontspec)             - 'bold' (b/n) with NFSS spec.:
(fontspec)             <->s*[1]"[FiraSans-Bold.otf]/OT:script=latn;language=dfl
t;+pnum;+onum;mapping=tex-text;"
(fontspec)             - 'bold small caps'  (b/sc) with NFSS spec.:
(fontspec)             <->s*[1]"[FiraSans-Bold.otf]/OT:script=latn;language=dfl
t;+pnum;+onum;+smcp;mapping=tex-text;"
(fontspec)             - 'italic' (m/it) with NFSS spec.:
(fontspec)             <->s*[1]"[FiraSans-Italic.otf]/OT:script=latn;language=d
flt;+pnum;+onum;mapping=tex-text;"
(fontspec)             - 'italic small caps'  (m/scit) with NFSS spec.:
(fontspec)             <->s*[1]"[FiraSans-Italic.otf]/OT:script=latn;language=d
flt;+pnum;+onum;+smcp;mapping=tex-text;"
(fontspec)             - 'bold italic' (b/it) with NFSS spec.:
(fontspec)             <->s*[1]"[FiraSans-BoldItalic.otf]/OT:script=latn;langua
ge=dflt;+pnum;+onum;mapping=tex-text;"
(fontspec)             - 'bold italic small caps'  (b/scit) with NFSS spec.:
(fontspec)             <->s*[1]"[FiraSans-BoldItalic.otf]/OT:script=latn;langua
ge=dflt;+pnum;+onum;+smcp;mapping=tex-text;"

LaTeX Font Info:    Font shape `TU/FiraSans(0)/m/n' will be
(Font)              scaled to size 10.0pt on input line 138.

Package fontspec Info: Font family 'FiraSans(1)' created for font 'FiraSans'
(fontspec)             with options [Ligatures = TeX,Scale = 1,Extension =
(fontspec)             .otf,Numbers = {Proportional,OldStyle},UprightFont =
(fontspec)             *-Regular,ItalicFont = *-Italic,BoldFont =
(fontspec)             *-Bold,BoldItalicFont = *-BoldItalic].
(fontspec)              
(fontspec)              This font family consists of the following NFSS
(fontspec)             series/shapes:
(fontspec)              
(fontspec)             - 'normal' (m/n) with NFSS spec.:
(fontspec)             <->s*[1]"[FiraSans-Regular.otf]/OT:script=latn;language=
dflt;+pnum;+onum;mapping=tex-text;"
(fontspec)             - 'small caps'  (m/sc) with NFSS spec.:
(fontspec)             <->s*[1]"[FiraSans-Regular.otf]/OT:script=latn;language=
dflt;+pnum;+onum;+smcp;mapping=tex-text;"
(fontspec)             - 'bold' (b/n) with NFSS spec.:
(fontspec)             <->s*[1]"[FiraSans-Bold.otf]/OT:script=latn;language=dfl
t;+pnum;+onum;mapping=tex-text;"
(fontspec)             - 'bold small caps'  (b/sc) with NFSS spec.:
(fontspec)             <->s*[1]"[FiraSans-Bold.otf]/OT:script=latn;language=dfl
t;+pnum;+onum;+smcp;mapping=tex-text;"
(fontspec)             - 'italic' (m/it) with NFSS spec.:
(fontspec)             <->s*[1]"[FiraSans-Italic.otf]/OT:script=latn;language=d
flt;+pnum;+onum;mapping=tex-text;"
(fontspec)             - 'italic small caps'  (m/scit) with NFSS spec.:
(fontspec)             <->s*[1]"[FiraSans-Italic.otf]/OT:script=latn;language=d
flt;+pnum;+onum;+smcp;mapping=tex-text;"
(fontspec)             - 'bold italic' (b/it) with NFSS spec.:
(fontspec)             <->s*[1]"[FiraSans-BoldItalic.otf]/OT:script=latn;langua
ge=dflt;+pnum;+onum;mapping=tex-text;"
(fontspec)             - 'bold italic small caps'  (b/scit) with NFSS spec.:
(fontspec)             <->s*[1]"[FiraSans-BoldItalic.otf]/OT:script=latn;langua
ge=dflt;+pnum;+onum;+smcp;mapping=tex-text;"


Package fontspec Info: Font family 'FiraSans(2)' created for font 'FiraSans'
(fontspec)             with options [Ligatures = TeX,Scale = 1,Extension =
(fontspec)             .otf,Numbers = {Proportional,Lining},UprightFont =
(fontspec)             *-Regular,ItalicFont = *-Italic,BoldFont =
(fontspec)             *-Bold,BoldItalicFont = *-BoldItalic].
(fontspec)              
(fontspec)              This font family consists of the following NFSS
(fontspec)             series/shapes:
(fontspec)              
(fontspec)             - 'normal' (m/n) with NFSS spec.:
(fontspec)             <->s*[1]"[FiraSans-Regular.otf]/OT:script=latn;language=
dflt;+pnum;+lnum;mapping=tex-text;"
(fontspec)             - 'small caps'  (m/sc) with NFSS spec.:
(fontspec)             <->s*[1]"[FiraSans-Regular.otf]/OT:script=latn;language=
dflt;+pnum;+lnum;+smcp;mapping=tex-text;"
(fontspec)             - 'bold' (b/n) with NFSS spec.:
(fontspec)             <->s*[1]"[FiraSans-Bold.otf]/OT:script=latn;language=dfl
t;+pnum;+lnum;mapping=tex-text;"
(fontspec)             - 'bold small caps'  (b/sc) with NFSS spec.:
(fontspec)             <->s*[1]"[FiraSans-Bold.otf]/OT:script=latn;language=dfl
t;+pnum;+lnum;+smcp;mapping=tex-text;"
(fontspec)             - 'italic' (m/it) with NFSS spec.:
(fontspec)             <->s*[1]"[FiraSans-Italic.otf]/OT:script=latn;language=d
flt;+pnum;+lnum;mapping=tex-text;"
(fontspec)             - 'italic small caps'  (m/scit) with NFSS spec.:
(fontspec)             <->s*[1]"[FiraSans-Italic.otf]/OT:script=latn;language=d
flt;+pnum;+lnum;+smcp;mapping=tex-text;"
(fontspec)             - 'bold italic' (b/it) with NFSS spec.:
(fontspec)             <->s*[1]"[FiraSans-BoldItalic.otf]/OT:script=latn;langua
ge=dflt;+pnum;+lnum;mapping=tex-text;"
(fontspec)             - 'bold italic small caps'  (b/scit) with NFSS spec.:
(fontspec)             <->s*[1]"[FiraSans-BoldItalic.otf]/OT:script=latn;langua
ge=dflt;+pnum;+lnum;+smcp;mapping=tex-text;"


Package fontspec Info: Font family 'FiraSans(3)' created for font 'FiraSans'
(fontspec)             with options [Ligatures = TeX,Scale = 1,Extension =
(fontspec)             .otf,Numbers = {Monospaced,OldStyle},UprightFont =
(fontspec)             *-Regular,ItalicFont = *-Italic,BoldFont =
(fontspec)             *-Bold,BoldItalicFont = *-BoldItalic].
(fontspec)              
(fontspec)              This font family consists of the following NFSS
(fontspec)             series/shapes:
(fontspec)              
(fontspec)             - 'normal' (m/n) with NFSS spec.:
(fontspec)             <->s*[1]"[FiraSans-Regular.otf]/OT:script=latn;language=
dflt;+tnum;+onum;mapping=tex-text;"
(fontspec)             - 'small caps'  (m/sc) with NFSS spec.:
(fontspec)             <->s*[1]"[FiraSans-Regular.otf]/OT:script=latn;language=
dflt;+tnum;+onum;+smcp;mapping=tex-text;"
(fontspec)             - 'bold' (b/n) with NFSS spec.:
(fontspec)             <->s*[1]"[FiraSans-Bold.otf]/OT:script=latn;language=dfl
t;+tnum;+onum;mapping=tex-text;"
(fontspec)             - 'bold small caps'  (b/sc) with NFSS spec.:
(fontspec)             <->s*[1]"[FiraSans-Bold.otf]/OT:script=latn;language=dfl
t;+tnum;+onum;+smcp;mapping=tex-text;"
(fontspec)             - 'italic' (m/it) with NFSS spec.:
(fontspec)             <->s*[1]"[FiraSans-Italic.otf]/OT:script=latn;language=d
flt;+tnum;+onum;mapping=tex-text;"
(fontspec)             - 'italic small caps'  (m/scit) with NFSS spec.:
(fontspec)             <->s*[1]"[FiraSans-Italic.otf]/OT:script=latn;language=d
flt;+tnum;+onum;+smcp;mapping=tex-text;"
(fontspec)             - 'bold italic' (b/it) with NFSS spec.:
(fontspec)             <->s*[1]"[FiraSans-BoldItalic.otf]/OT:script=latn;langua
ge=dflt;+tnum;+onum;mapping=tex-text;"
(fontspec)             - 'bold italic small caps'  (b/scit) with NFSS spec.:
(fontspec)             <->s*[1]"[FiraSans-BoldItalic.otf]/OT:script=latn;langua
ge=dflt;+tnum;+onum;+smcp;mapping=tex-text;"


Package fontspec Info: Font family 'FiraSans(4)' created for font 'FiraSans'
(fontspec)             with options [Ligatures = TeX,Scale = 1,Extension =
(fontspec)             .otf,Numbers = {Proportional,OldStyle},UprightFont =
(fontspec)             *-Thin,ItalicFont = *-ThinItalic,BoldFont =
(fontspec)             *-Bold,BoldItalicFont = *-BoldItalic].
(fontspec)              
(fontspec)              This font family consists of the following NFSS
(fontspec)             series/shapes:
(fontspec)              
(fontspec)             - 'normal' (m/n) with NFSS spec.:
(fontspec)             <->s*[1]"[FiraSans-Thin.otf]/OT:script=latn;language=dfl
t;+pnum;+onum;mapping=tex-text;"
(fontspec)             - 'small caps'  (m/sc) with NFSS spec.:
(fontspec)             <->s*[1]"[FiraSans-Thin.otf]/OT:script=latn;language=dfl
t;+pnum;+onum;+smcp;mapping=tex-text;"
(fontspec)             - 'bold' (b/n) with NFSS spec.:
(fontspec)             <->s*[1]"[FiraSans-Bold.otf]/OT:script=latn;language=dfl
t;+pnum;+onum;mapping=tex-text;"
(fontspec)             - 'bold small caps'  (b/sc) with NFSS spec.:
(fontspec)             <->s*[1]"[FiraSans-Bold.otf]/OT:script=latn;language=dfl
t;+pnum;+onum;+smcp;mapping=tex-text;"
(fontspec)             - 'italic' (m/it) with NFSS spec.:
(fontspec)             <->s*[1]"[FiraSans-ThinItalic.otf]/OT:script=latn;langua
ge=dflt;+pnum;+onum;mapping=tex-text;"
(fontspec)             - 'italic small caps'  (m/scit) with NFSS spec.:
(fontspec)             <->s*[1]"[FiraSans-ThinItalic.otf]/OT:script=latn;langua
ge=dflt;+pnum;+onum;+smcp;mapping=tex-text;"
(fontspec)             - 'bold italic' (b/it) with NFSS spec.:
(fontspec)             <->s*[1]"[FiraSans-BoldItalic.otf]/OT:script=latn;langua
ge=dflt;+pnum;+onum;mapping=tex-text;"
(fontspec)             - 'bold italic small caps'  (b/scit) with NFSS spec.:
(fontspec)             <->s*[1]"[FiraSans-BoldItalic.otf]/OT:script=latn;langua
ge=dflt;+pnum;+onum;+smcp;mapping=tex-text;"


Package fontspec Info: Font family 'FiraSans(5)' created for font 'FiraSans'
(fontspec)             with options [Ligatures = TeX,Scale = 1,Extension =
(fontspec)             .otf,Numbers = {Proportional,OldStyle},UprightFont =
(fontspec)             *-Light,ItalicFont = *-LightItalic,BoldFont =
(fontspec)             *-Bold,BoldItalicFont = *-BoldItalic].
(fontspec)              
(fontspec)              This font family consists of the following NFSS
(fontspec)             series/shapes:
(fontspec)              
(fontspec)             - 'normal' (m/n) with NFSS spec.:
(fontspec)             <->s*[1]"[FiraSans-Light.otf]/OT:script=latn;language=df
lt;+pnum;+onum;mapping=tex-text;"
(fontspec)             - 'small caps'  (m/sc) with NFSS spec.:
(fontspec)             <->s*[1]"[FiraSans-Light.otf]/OT:script=latn;language=df
lt;+pnum;+onum;+smcp;mapping=tex-text;"
(fontspec)             - 'bold' (b/n) with NFSS spec.:
(fontspec)             <->s*[1]"[FiraSans-Bold.otf]/OT:script=latn;language=dfl
t;+pnum;+onum;mapping=tex-text;"
(fontspec)             - 'bold small caps'  (b/sc) with NFSS spec.:
(fontspec)             <->s*[1]"[FiraSans-Bold.otf]/OT:script=latn;language=dfl
t;+pnum;+onum;+smcp;mapping=tex-text;"
(fontspec)             - 'italic' (m/it) with NFSS spec.:
(fontspec)             <->s*[1]"[FiraSans-LightItalic.otf]/OT:script=latn;langu
age=dflt;+pnum;+onum;mapping=tex-text;"
(fontspec)             - 'italic small caps'  (m/scit) with NFSS spec.:
(fontspec)             <->s*[1]"[FiraSans-LightItalic.otf]/OT:script=latn;langu
age=dflt;+pnum;+onum;+smcp;mapping=tex-text;"
(fontspec)             - 'bold italic' (b/it) with NFSS spec.:
(fontspec)             <->s*[1]"[FiraSans-BoldItalic.otf]/OT:script=latn;langua
ge=dflt;+pnum;+onum;mapping=tex-text;"
(fontspec)             - 'bold italic small caps'  (b/scit) with NFSS spec.:
(fontspec)             <->s*[1]"[FiraSans-BoldItalic.otf]/OT:script=latn;langua
ge=dflt;+pnum;+onum;+smcp;mapping=tex-text;"


Package fontspec Info: Font family 'FiraSans(6)' created for font 'FiraSans'
(fontspec)             with options [Ligatures = TeX,Scale = 1,Extension =
(fontspec)             .otf,Numbers = {Proportional,OldStyle},UprightFont =
(fontspec)             *-ExtraLight,ItalicFont = *-ExtraLightItalic,BoldFont =
(fontspec)             *-Bold,BoldItalicFont = *-BoldItalic].
(fontspec)              
(fontspec)              This font family consists of the following NFSS
(fontspec)             series/shapes:
(fontspec)              
(fontspec)             - 'normal' (m/n) with NFSS spec.:
(fontspec)             <->s*[1]"[FiraSans-ExtraLight.otf]/OT:script=latn;langua
ge=dflt;+pnum;+onum;mapping=tex-text;"
(fontspec)             - 'small caps'  (m/sc) with NFSS spec.:
(fontspec)             <->s*[1]"[FiraSans-ExtraLight.otf]/OT:script=latn;langua
ge=dflt;+pnum;+onum;+smcp;mapping=tex-text;"
(fontspec)             - 'bold' (b/n) with NFSS spec.:
(fontspec)             <->s*[1]"[FiraSans-Bold.otf]/OT:script=latn;language=dfl
t;+pnum;+onum;mapping=tex-text;"
(fontspec)             - 'bold small caps'  (b/sc) with NFSS spec.:
(fontspec)             <->s*[1]"[FiraSans-Bold.otf]/OT:script=latn;language=dfl
t;+pnum;+onum;+smcp;mapping=tex-text;"
(fontspec)             - 'italic' (m/it) with NFSS spec.:
(fontspec)             <->s*[1]"[FiraSans-ExtraLightItalic.otf]/OT:script=latn;
language=dflt;+pnum;+onum;mapping=tex-text;"
(fontspec)             - 'italic small caps'  (m/scit) with NFSS spec.:
(fontspec)             <->s*[1]"[FiraSans-ExtraLightItalic.otf]/OT:script=latn;
language=dflt;+pnum;+onum;+smcp;mapping=tex-text;"
(fontspec)             - 'bold italic' (b/it) with NFSS spec.:
(fontspec)             <->s*[1]"[FiraSans-BoldItalic.otf]/OT:script=latn;langua
ge=dflt;+pnum;+onum;mapping=tex-text;"
(fontspec)             - 'bold italic small caps'  (b/scit) with NFSS spec.:
(fontspec)             <->s*[1]"[FiraSans-BoldItalic.otf]/OT:script=latn;langua
ge=dflt;+pnum;+onum;+smcp;mapping=tex-text;"


Package fontspec Info: Font family 'FiraSans(7)' created for font 'FiraSans'
(fontspec)             with options [Ligatures = TeX,Scale = 1,Extension =
(fontspec)             .otf,Numbers = {Proportional,OldStyle},UprightFont =
(fontspec)             *-UltraLight,ItalicFont = *-UltraLightItalic,BoldFont =
(fontspec)             *-Bold,BoldItalicFont = *-BoldItalic].
(fontspec)              
(fontspec)              This font family consists of the following NFSS
(fontspec)             series/shapes:
(fontspec)              
(fontspec)             - 'normal' (m/n) with NFSS spec.:
(fontspec)             <->s*[1]"[FiraSans-UltraLight.otf]/OT:script=latn;langua
ge=dflt;+pnum;+onum;mapping=tex-text;"
(fontspec)             - 'small caps'  (m/sc) with NFSS spec.:
(fontspec)             <->s*[1]"[FiraSans-UltraLight.otf]/OT:script=latn;langua
ge=dflt;+pnum;+onum;+smcp;mapping=tex-text;"
(fontspec)             - 'bold' (b/n) with NFSS spec.:
(fontspec)             <->s*[1]"[FiraSans-Bold.otf]/OT:script=latn;language=dfl
t;+pnum;+onum;mapping=tex-text;"
(fontspec)             - 'bold small caps'  (b/sc) with NFSS spec.:
(fontspec)             <->s*[1]"[FiraSans-Bold.otf]/OT:script=latn;language=dfl
t;+pnum;+onum;+smcp;mapping=tex-text;"
(fontspec)             - 'italic' (m/it) with NFSS spec.:
(fontspec)             <->s*[1]"[FiraSans-UltraLightItalic.otf]/OT:script=latn;
language=dflt;+pnum;+onum;mapping=tex-text;"
(fontspec)             - 'italic small caps'  (m/scit) with NFSS spec.:
(fontspec)             <->s*[1]"[FiraSans-UltraLightItalic.otf]/OT:script=latn;
language=dflt;+pnum;+onum;+smcp;mapping=tex-text;"
(fontspec)             - 'bold italic' (b/it) with NFSS spec.:
(fontspec)             <->s*[1]"[FiraSans-BoldItalic.otf]/OT:script=latn;langua
ge=dflt;+pnum;+onum;mapping=tex-text;"
(fontspec)             - 'bold italic small caps'  (b/scit) with NFSS spec.:
(fontspec)             <->s*[1]"[FiraSans-BoldItalic.otf]/OT:script=latn;langua
ge=dflt;+pnum;+onum;+smcp;mapping=tex-text;"


Package fontspec Info: Font family 'FiraSans(8)' created for font 'FiraSans'
(fontspec)             with options [Ligatures = TeX,Scale = 1,Extension =
(fontspec)             .otf,Numbers = {Proportional,OldStyle},UprightFont =
(fontspec)             *-Medium,ItalicFont = *-MediumItalic,BoldFont =
(fontspec)             *-Bold,BoldItalicFont = *-BoldItalic].
(fontspec)              
(fontspec)              This font family consists of the following NFSS
(fontspec)             series/shapes:
(fontspec)              
(fontspec)             - 'normal' (m/n) with NFSS spec.:
(fontspec)             <->s*[1]"[FiraSans-Medium.otf]/OT:script=latn;language=d
flt;+pnum;+onum;mapping=tex-text;"
(fontspec)             - 'small caps'  (m/sc) with NFSS spec.:
(fontspec)             <->s*[1]"[FiraSans-Medium.otf]/OT:script=latn;language=d
flt;+pnum;+onum;+smcp;mapping=tex-text;"
(fontspec)             - 'bold' (b/n) with NFSS spec.:
(fontspec)             <->s*[1]"[FiraSans-Bold.otf]/OT:script=latn;language=dfl
t;+pnum;+onum;mapping=tex-text;"
(fontspec)             - 'bold small caps'  (b/sc) with NFSS spec.:
(fontspec)             <->s*[1]"[FiraSans-Bold.otf]/OT:script=latn;language=dfl
t;+pnum;+onum;+smcp;mapping=tex-text;"
(fontspec)             - 'italic' (m/it) with NFSS spec.:
(fontspec)             <->s*[1]"[FiraSans-MediumItalic.otf]/OT:script=latn;lang
uage=dflt;+pnum;+onum;mapping=tex-text;"
(fontspec)             - 'italic small caps'  (m/scit) with NFSS spec.:
(fontspec)             <->s*[1]"[FiraSans-MediumItalic.otf]/OT:script=latn;lang
uage=dflt;+pnum;+onum;+smcp;mapping=tex-text;"
(fontspec)             - 'bold italic' (b/it) with NFSS spec.:
(fontspec)             <->s*[1]"[FiraSans-BoldItalic.otf]/OT:script=latn;langua
ge=dflt;+pnum;+onum;mapping=tex-text;"
(fontspec)             - 'bold italic small caps'  (b/scit) with NFSS spec.:
(fontspec)             <->s*[1]"[FiraSans-BoldItalic.otf]/OT:script=latn;langua
ge=dflt;+pnum;+onum;+smcp;mapping=tex-text;"


Package fontspec Info: Font family 'FiraSans(9)' created for font 'FiraSans'
(fontspec)             with options [Ligatures = TeX,Scale = 1,Extension =
(fontspec)             .otf,Numbers = {Proportional,OldStyle},UprightFont =
(fontspec)             *-Book,ItalicFont = *-BookItalic,BoldFont =
(fontspec)             *-Bold,BoldItalicFont = *-BoldItalic].
(fontspec)              
(fontspec)              This font family consists of the following NFSS
(fontspec)             series/shapes:
(fontspec)              
(fontspec)             - 'normal' (m/n) with NFSS spec.:
(fontspec)             <->s*[1]"[FiraSans-Book.otf]/OT:script=latn;language=dfl
t;+pnum;+onum;mapping=tex-text;"
(fontspec)             - 'small caps'  (m/sc) with NFSS spec.:
(fontspec)             <->s*[1]"[FiraSans-Book.otf]/OT:script=latn;language=dfl
t;+pnum;+onum;+smcp;mapping=tex-text;"
(fontspec)             - 'bold' (b/n) with NFSS spec.:
(fontspec)             <->s*[1]"[FiraSans-Bold.otf]/OT:script=latn;language=dfl
t;+pnum;+onum;mapping=tex-text;"
(fontspec)             - 'bold small caps'  (b/sc) with NFSS spec.:
(fontspec)             <->s*[1]"[FiraSans-Bold.otf]/OT:script=latn;language=dfl
t;+pnum;+onum;+smcp;mapping=tex-text;"
(fontspec)             - 'italic' (m/it) with NFSS spec.:
(fontspec)             <->s*[1]"[FiraSans-BookItalic.otf]/OT:script=latn;langua
ge=dflt;+pnum;+onum;mapping=tex-text;"
(fontspec)             - 'italic small caps'  (m/scit) with NFSS spec.:
(fontspec)             <->s*[1]"[FiraSans-BookItalic.otf]/OT:script=latn;langua
ge=dflt;+pnum;+onum;+smcp;mapping=tex-text;"
(fontspec)             - 'bold italic' (b/it) with NFSS spec.:
(fontspec)             <->s*[1]"[FiraSans-BoldItalic.otf]/OT:script=latn;langua
ge=dflt;+pnum;+onum;mapping=tex-text;"
(fontspec)             - 'bold italic small caps'  (b/scit) with NFSS spec.:
(fontspec)             <->s*[1]"[FiraSans-BoldItalic.otf]/OT:script=latn;langua
ge=dflt;+pnum;+onum;+smcp;mapping=tex-text;"


Package fontspec Info: Font family 'FiraSans(10)' created for font 'FiraSans'
(fontspec)             with options [Ligatures = TeX,Scale = 1,Extension =
(fontspec)             .otf,Numbers = {Proportional,OldStyle},UprightFont =
(fontspec)             *-SemiBold,ItalicFont = *-SemiBoldItalic].
(fontspec)              
(fontspec)              This font family consists of the following NFSS
(fontspec)             series/shapes:
(fontspec)              
(fontspec)             - 'normal' (m/n) with NFSS spec.:
(fontspec)             <->s*[1]"[FiraSans-SemiBold.otf]/OT:script=latn;language
=dflt;+pnum;+onum;mapping=tex-text;"
(fontspec)             - 'small caps'  (m/sc) with NFSS spec.:
(fontspec)             <->s*[1]"[FiraSans-SemiBold.otf]/OT:script=latn;language
=dflt;+pnum;+onum;+smcp;mapping=tex-text;"
(fontspec)             - 'italic' (m/it) with NFSS spec.:
(fontspec)             <->s*[1]"[FiraSans-SemiBoldItalic.otf]/OT:script=latn;la
nguage=dflt;+pnum;+onum;mapping=tex-text;"
(fontspec)             - 'italic small caps'  (m/scit) with NFSS spec.:
(fontspec)             <->s*[1]"[FiraSans-SemiBoldItalic.otf]/OT:script=latn;la
nguage=dflt;+pnum;+onum;+smcp;mapping=tex-text;"


Package fontspec Info: Font family 'FiraSans(11)' created for font 'FiraSans'
(fontspec)             with options [Ligatures = TeX,Scale = 1,Extension =
(fontspec)             .otf,Numbers = {Proportional,OldStyle},UprightFont =
(fontspec)             *-ExtraBold,ItalicFont = *-ExtraBoldItalic].
(fontspec)              
(fontspec)              This font family consists of the following NFSS
(fontspec)             series/shapes:
(fontspec)              
(fontspec)             - 'normal' (m/n) with NFSS spec.:
(fontspec)             <->s*[1]"[FiraSans-ExtraBold.otf]/OT:script=latn;languag
e=dflt;+pnum;+onum;mapping=tex-text;"
(fontspec)             - 'small caps'  (m/sc) with NFSS spec.:
(fontspec)             <->s*[1]"[FiraSans-ExtraBold.otf]/OT:script=latn;languag
e=dflt;+pnum;+onum;+smcp;mapping=tex-text;"
(fontspec)             - 'italic' (m/it) with NFSS spec.:
(fontspec)             <->s*[1]"[FiraSans-ExtraBoldItalic.otf]/OT:script=latn;l
anguage=dflt;+pnum;+onum;mapping=tex-text;"
(fontspec)             - 'italic small caps'  (m/scit) with NFSS spec.:
(fontspec)             <->s*[1]"[FiraSans-ExtraBoldItalic.otf]/OT:script=latn;l
anguage=dflt;+pnum;+onum;+smcp;mapping=tex-text;"


Package fontspec Info: Font family 'FiraSans(12)' created for font 'FiraSans'
(fontspec)             with options [Ligatures = TeX,Scale = 1,Extension =
(fontspec)             .otf,Numbers = {Proportional,OldStyle},UprightFont =
(fontspec)             *-Heavy,ItalicFont = *-HeavyItalic].
(fontspec)              
(fontspec)              This font family consists of the following NFSS
(fontspec)             series/shapes:
(fontspec)              
(fontspec)             - 'normal' (m/n) with NFSS spec.:
(fontspec)             <->s*[1]"[FiraSans-Heavy.otf]/OT:script=latn;language=df
lt;+pnum;+onum;mapping=tex-text;"
(fontspec)             - 'small caps'  (m/sc) with NFSS spec.:
(fontspec)             <->s*[1]"[FiraSans-Heavy.otf]/OT:script=latn;language=df
lt;+pnum;+onum;+smcp;mapping=tex-text;"
(fontspec)             - 'italic' (m/it) with NFSS spec.:
(fontspec)             <->s*[1]"[FiraSans-HeavyItalic.otf]/OT:script=latn;langu
age=dflt;+pnum;+onum;mapping=tex-text;"
(fontspec)             - 'italic small caps'  (m/scit) with NFSS spec.:
(fontspec)             <->s*[1]"[FiraSans-HeavyItalic.otf]/OT:script=latn;langu
age=dflt;+pnum;+onum;+smcp;mapping=tex-text;"

)
(/usr/share/texlive/texmf-dist/tex/latex/fira/FiraMono.sty
Package: FiraMono 2022/09/17 (Bob Tennent and autoinst) Style file for Fira Mon
o fonts.

Package fontspec Info: Font family 'FiraMono(0)' created for font 'FiraMono'
(fontspec)             with options [Ligatures = TeX,HyphenChar=None,Scale =
(fontspec)             1,Extension =
(fontspec)             .otf,WordSpace={1,0,0},HyphenChar=None,PunctuationSpace=
WordSpace,Numbers
(fontspec)             = {Monospaced,OldStyle},UprightFont =
(fontspec)             *-Regular,ItalicFont = *-Oblique,BoldFont =
(fontspec)             *-Bold,BoldItalicFont = *-BoldOblique].
(fontspec)              
(fontspec)              This font family consists of the following NFSS
(fontspec)             series/shapes:
(fontspec)              
(fontspec)             - 'normal' (m/n) with NFSS spec.:
(fontspec)             <->s*[1]"[FiraMono-Regular.otf]/OT:script=latn;language=
dflt;+tnum;+onum;mapping=tex-text;"
(fontspec)             - 'small caps'  (m/sc) with NFSS spec.: 
(fontspec)             and font adjustment code:
(fontspec)             \fontdimen 2\font =1\fontdimen 2\font \fontdimen 3\font
(fontspec)             =0\fontdimen 3\font \fontdimen 4\font =0\fontdimen
(fontspec)             4\font \fontdimen 7\font =0\fontdimen 2\font
(fontspec)             \tex_hyphenchar:D \font =-1\scan_stop:
(fontspec)             \tex_hyphenchar:D \font =-1\scan_stop: 
(fontspec)             - 'bold' (b/n) with NFSS spec.:
(fontspec)             <->s*[1]"[FiraMono-Bold.otf]/OT:script=latn;language=dfl
t;+tnum;+onum;mapping=tex-text;"
(fontspec)             - 'bold small caps'  (b/sc) with NFSS spec.: 
(fontspec)             and font adjustment code:
(fontspec)             \fontdimen 2\font =1\fontdimen 2\font \fontdimen 3\font
(fontspec)             =0\fontdimen 3\font \fontdimen 4\font =0\fontdimen
(fontspec)             4\font \fontdimen 7\font =0\fontdimen 2\font
(fontspec)             \tex_hyphenchar:D \font =-1\scan_stop:
(fontspec)             \tex_hyphenchar:D \font =-1\scan_stop: 
(fontspec)             - 'italic' (m/it) with NFSS spec.:
(fontspec)             <->s*[1]"[FiraMono-Oblique.otf]/OT:script=latn;language=
dflt;+tnum;+onum;mapping=tex-text;"
(fontspec)             - 'italic small caps'  (m/scit) with NFSS spec.: 
(fontspec)             and font adjustment code:
(fontspec)             \fontdimen 2\font =1\fontdimen 2\font \fontdimen 3\font
(fontspec)             =0\fontdimen 3\font \fontdimen 4\font =0\fontdimen
(fontspec)             4\font \fontdimen 7\font =0\fontdimen 2\font
(fontspec)             \tex_hyphenchar:D \font =-1\scan_stop:
(fontspec)             \tex_hyphenchar:D \font =-1\scan_stop: 
(fontspec)             - 'bold italic' (b/it) with NFSS spec.:
(fontspec)             <->s*[1]"[FiraMono-BoldOblique.otf]/OT:script=latn;langu
age=dflt;+tnum;+onum;mapping=tex-text;"
(fontspec)             - 'bold italic small caps'  (b/scit) with NFSS spec.: 
(fontspec)             and font adjustment code:
(fontspec)             \fontdimen 2\font =1\fontdimen 2\font \fontdimen 3\font
(fontspec)             =0\fontdimen 3\font \fontdimen 4\font =0\fontdimen
(fontspec)             4\font \fontdimen 7\font =0\fontdimen 2\font
(fontspec)             \tex_hyphenchar:D \font =-1\scan_stop:
(fontspec)             \tex_hyphenchar:D \font =-1\scan_stop: 


Package fontspec Info: Font family 'FiraMono(1)' created for font 'FiraMono'
(fontspec)             with options [Ligatures = TeX,HyphenChar=None,Scale =
(fontspec)             1,Extension = .otf,Numbers =
(fontspec)             {Monospaced,OldStyle},UprightFont =
(fontspec)             *-Regular,ItalicFont = *-Oblique,BoldFont =
(fontspec)             *-Bold,BoldItalicFont = *-BoldOblique].
(fontspec)              
(fontspec)              This font family consists of the following NFSS
(fontspec)             series/shapes:
(fontspec)              
(fontspec)             - 'normal' (m/n) with NFSS spec.:
(fontspec)             <->s*[1]"[FiraMono-Regular.otf]/OT:script=latn;language=
dflt;+tnum;+onum;mapping=tex-text;"
(fontspec)             - 'small caps'  (m/sc) with NFSS spec.: 
(fontspec)             and font adjustment code:
(fontspec)             \tex_hyphenchar:D \font =-1\scan_stop: 
(fontspec)             - 'bold' (b/n) with NFSS spec.:
(fontspec)             <->s*[1]"[FiraMono-Bold.otf]/OT:script=latn;language=dfl
t;+tnum;+onum;mapping=tex-text;"
(fontspec)             - 'bold small caps'  (b/sc) with NFSS spec.: 
(fontspec)             and font adjustment code:
(fontspec)             \tex_hyphenchar:D \font =-1\scan_stop: 
(fontspec)             - 'italic' (m/it) with NFSS spec.:
(fontspec)             <->s*[1]"[FiraMono-Oblique.otf]/OT:script=latn;language=
dflt;+tnum;+onum;mapping=tex-text;"
(fontspec)             - 'italic small caps'  (m/scit) with NFSS spec.: 
(fontspec)             and font adjustment code:
(fontspec)             \tex_hyphenchar:D \font =-1\scan_stop: 
(fontspec)             - 'bold italic' (b/it) with NFSS spec.:
(fontspec)             <->s*[1]"[FiraMono-BoldOblique.otf]/OT:script=latn;langu
age=dflt;+tnum;+onum;mapping=tex-text;"
(fontspec)             - 'bold italic small caps'  (b/scit) with NFSS spec.: 
(fontspec)             and font adjustment code:
(fontspec)             \tex_hyphenchar:D \font =-1\scan_stop: 


Package fontspec Info: Font family 'FiraMono(2)' created for font 'FiraMono'
(fontspec)             with options [Ligatures = TeX,HyphenChar=None,Scale =
(fontspec)             1,Extension = .otf,Numbers =
(fontspec)             {Monospaced,Tabular},UprightFont = *-Regular,ItalicFont
(fontspec)             = *-Oblique,BoldFont = *-Bold,BoldItalicFont =
(fontspec)             *-BoldOblique].
(fontspec)              
(fontspec)              This font family consists of the following NFSS
(fontspec)             series/shapes:
(fontspec)              
(fontspec)             - 'normal' (m/n) with NFSS spec.:
(fontspec)             <->s*[1]"[FiraMono-Regular.otf]/OT:script=latn;language=
dflt;+tnum;mapping=tex-text;"
(fontspec)             - 'small caps'  (m/sc) with NFSS spec.: 
(fontspec)             and font adjustment code:
(fontspec)             \tex_hyphenchar:D \font =-1\scan_stop: 
(fontspec)             - 'bold' (b/n) with NFSS spec.:
(fontspec)             <->s*[1]"[FiraMono-Bold.otf]/OT:script=latn;language=dfl
t;+tnum;mapping=tex-text;"
(fontspec)             - 'bold small caps'  (b/sc) with NFSS spec.: 
(fontspec)             and font adjustment code:
(fontspec)             \tex_hyphenchar:D \font =-1\scan_stop: 
(fontspec)             - 'italic' (m/it) with NFSS spec.:
(fontspec)             <->s*[1]"[FiraMono-Oblique.otf]/OT:script=latn;language=
dflt;+tnum;mapping=tex-text;"
(fontspec)             - 'italic small caps'  (m/scit) with NFSS spec.: 
(fontspec)             and font adjustment code:
(fontspec)             \tex_hyphenchar:D \font =-1\scan_stop: 
(fontspec)             - 'bold italic' (b/it) with NFSS spec.:
(fontspec)             <->s*[1]"[FiraMono-BoldOblique.otf]/OT:script=latn;langu
age=dflt;+tnum;mapping=tex-text;"
(fontspec)             - 'bold italic small caps'  (b/scit) with NFSS spec.: 
(fontspec)             and font adjustment code:
(fontspec)             \tex_hyphenchar:D \font =-1\scan_stop: 


Package fontspec Info: Font family 'FiraMono(3)' created for font 'FiraMono'
(fontspec)             with options [Ligatures = TeX,HyphenChar=None,Scale =
(fontspec)             1,Extension = .otf,Numbers =
(fontspec)             {Monospaced,OldStyle},UprightFont = *-Medium,ItalicFont
(fontspec)             = *-Oblique,BoldFont = *-Bold,BoldItalicFont =
(fontspec)             *-BoldOblique].
(fontspec)              
(fontspec)              This font family consists of the following NFSS
(fontspec)             series/shapes:
(fontspec)              
(fontspec)             - 'normal' (m/n) with NFSS spec.:
(fontspec)             <->s*[1]"[FiraMono-Medium.otf]/OT:script=latn;language=d
flt;+tnum;+onum;mapping=tex-text;"
(fontspec)             - 'small caps'  (m/sc) with NFSS spec.: 
(fontspec)             and font adjustment code:
(fontspec)             \tex_hyphenchar:D \font =-1\scan_stop: 
(fontspec)             - 'bold' (b/n) with NFSS spec.:
(fontspec)             <->s*[1]"[FiraMono-Bold.otf]/OT:script=latn;language=dfl
t;+tnum;+onum;mapping=tex-text;"
(fontspec)             - 'bold small caps'  (b/sc) with NFSS spec.: 
(fontspec)             and font adjustment code:
(fontspec)             \tex_hyphenchar:D \font =-1\scan_stop: 
(fontspec)             - 'italic' (m/it) with NFSS spec.:
(fontspec)             <->s*[1]"[FiraMono-Oblique.otf]/OT:script=latn;language=
dflt;+tnum;+onum;mapping=tex-text;"
(fontspec)             - 'italic small caps'  (m/scit) with NFSS spec.: 
(fontspec)             and font adjustment code:
(fontspec)             \tex_hyphenchar:D \font =-1\scan_stop: 
(fontspec)             - 'bold italic' (b/it) with NFSS spec.:
(fontspec)             <->s*[1]"[FiraMono-BoldOblique.otf]/OT:script=latn;langu
age=dflt;+tnum;+onum;mapping=tex-text;"
(fontspec)             - 'bold italic small caps'  (b/scit) with NFSS spec.: 
(fontspec)             and font adjustment code:
(fontspec)             \tex_hyphenchar:D \font =-1\scan_stop: 

)
(/usr/share/texlive/texmf-dist/tex/latex/firamath-otf/firamath-otf.sty
Package: firamath-otf 2023/09/08 v. 0.03b (Herbert Voss) Supports fira math fon
ts for all luatex/xetex .

(/usr/share/texlive/texmf-dist/tex/latex/unicode-math/unicode-math.sty
Package: unicode-math 2023/08/13 v0.8r Unicode maths in XeLaTeX and LuaLaTeX

(/usr/share/texlive/texmf-dist/tex/latex/unicode-math/unicode-math-xetex.sty
Package: unicode-math-xetex 2023/08/13 v0.8r Unicode maths in XeLaTeX and LuaLa
TeX

(/usr/share/texlive/texmf-dist/tex/latex/l3packages/l3keys2e/l3keys2e.sty
Package: l3keys2e 2023-10-10 LaTeX2e option processing using LaTeX3 keys
)
(/usr/share/texlive/texmf-dist/tex/latex/base/fix-cm.sty
Package: fix-cm 2020/11/24 v1.1t fixes to LaTeX

(/usr/share/texlive/texmf-dist/tex/latex/base/ts1enc.def
File: ts1enc.def 2001/06/05 v3.0e (jk/car/fm) Standard LaTeX file
LaTeX Font Info:    Redeclaring font encoding TS1 on input line 47.
))
\g__um_fam_int=\count351
\g__um_fonts_used_int=\count352
\l__um_primecount_int=\count353
\g__um_primekern_muskip=\muskip18

(/usr/share/texlive/texmf-dist/tex/latex/unicode-math/unicode-math-table.tex)))
Requested font "Fira Math Regular/OT" at 9.99997pt
 -> E^^è^^O^^9^^E
Requested font "Fira Math Regular/OT" at 10.00003pt
 -> O^^è^^O^^9^^E

Package fontspec Warning: OpenType feature 'Numbers=Uppercase' (lnum) not
(fontspec)                available for font 'Fira Math Regular' with script
(fontspec)                'Math' and language 'Default'.


Package fontspec Warning: OpenType feature 'Numbers=Uppercase' (tnum) not
(fontspec)                available for font 'Fira Math Regular' with script
(fontspec)                'Math' and language 'Default'.

Requested font "Fira Math Regular/OT:script=math;language=dflt;" at 10.00002pt
 -> o^^è^^O^^9^^E
Requested font "Fira Math Regular/B/OT:script=math;language=dflt;" at 10.00002p
t
 -> ^^Â^^è^^O^^9^^E

Package fontspec Info: Could not resolve font "Fira Math Regular/B" (it
(fontspec)             probably doesn't exist).

Requested font "Fira Math Regular/OT:script=math;language=dflt;" at 10.00003pt
 -> ^^â^^^^Ç^^C^^Õ_

Package fontspec Warning: OpenType feature 'Numbers=Uppercase' (lnum) not
(fontspec)                available for font 'Fira Math Regular' with script
(fontspec)                'Math' and language 'Default'.


Package fontspec Warning: OpenType feature 'Numbers=Uppercase' (tnum) not
(fontspec)                available for font 'Fira Math Regular' with script
(fontspec)                'Math' and language 'Default'.


Package fontspec Info: Font family 'FiraMathRegular(0)' created for font 'Fira
(fontspec)             Math Regular' with options
(fontspec)             [BoldItalicFont={},ItalicFont={},SmallCapsFont={},Script
=Math,Scale={1},Numbers={Lining,Monospaced}].
(fontspec)              
(fontspec)              This font family consists of the following NFSS
(fontspec)             series/shapes:
(fontspec)              
(fontspec)             - 'normal' (m/n) with NFSS spec.: <->s*[1]"Fira Math
(fontspec)             Regular/OT:script=math;language=dflt;"
(fontspec)             - 'small caps'  (m/sc) with NFSS spec.: 

LaTeX Font Info:    Font shape `TU/FiraMathRegular(0)/m/n' will be
(Font)              scaled to size 10.0pt on input line 80.
Requested font "Fira Math Regular/OT:script=math;language=dflt;" at 10.0pt
 -> ^^Ù^^è^^O^^9^^E

Package fontspec Warning: OpenType feature 'Numbers=Uppercase' (lnum) not
(fontspec)                available for font 'Fira Math Regular' with script
(fontspec)                'Math' and language 'Default'.


Package fontspec Warning: OpenType feature 'Numbers=Uppercase' (tnum) not
(fontspec)                available for font 'Fira Math Regular' with script
(fontspec)                'Math' and language 'Default'.

Requested font "Fira Math Regular/B/OT:script=math;language=dflt;" at 10.00002p
t
 -> ^^î^^è^^O^^9^^E

Package fontspec Info: Could not resolve font "Fira Math Regular/B" (it
(fontspec)             probably doesn't exist).


Package fontspec Warning: OpenType feature 'Numbers=Uppercase' (lnum) not
(fontspec)                available for font 'Fira Math Regular' with script
(fontspec)                'Math' and language 'Default'.


Package fontspec Warning: OpenType feature 'Numbers=Uppercase' (tnum) not
(fontspec)                available for font 'Fira Math Regular' with script
(fontspec)                'Math' and language 'Default'.


Package fontspec Warning: OpenType feature 'Numbers=Uppercase' (lnum) not
(fontspec)                available for font 'Fira Math Regular' with script
(fontspec)                'Math' and language 'Default'.


Package fontspec Warning: OpenType feature 'Numbers=Uppercase' (tnum) not
(fontspec)                available for font 'Fira Math Regular' with script
(fontspec)                'Math' and language 'Default'.


Package fontspec Warning: OpenType feature 'Numbers=Uppercase' (lnum) not
(fontspec)                available for font 'Fira Math Regular' with script
(fontspec)                'Math' and language 'Default'.


Package fontspec Warning: OpenType feature 'Numbers=Uppercase' (tnum) not
(fontspec)                available for font 'Fira Math Regular' with script
(fontspec)                'Math' and language 'Default'.


Package fontspec Info: Font family 'FiraMathRegular(1)' created for font 'Fira
(fontspec)             Math Regular' with options
(fontspec)             [BoldItalicFont={},ItalicFont={},SmallCapsFont={},Script
=Math,SizeFeatures={{Size=8.6-},{Size=6.5-8.6,Font=Fira
(fontspec)             Math Regular,Style=MathScript},{Size=-6.5,Font=Fira
(fontspec)             Math
(fontspec)             Regular,Style=MathScriptScript}},Scale={1},Numbers={Lini
ng,Monospaced}].
(fontspec)              
(fontspec)              This font family consists of the following NFSS
(fontspec)             series/shapes:
(fontspec)              
(fontspec)             - 'normal' (m/n) with NFSS spec.: <8.6->s*[1]"Fira Math
(fontspec)             Regular/OT:script=math;language=dflt;"<6.5-8.6>s*[1]"Fir
a
(fontspec)             Math
(fontspec)             Regular/OT:script=math;language=dflt;+ssty=0;"<-6.5>s*[1
]"Fira
(fontspec)             Math Regular/OT:script=math;language=dflt;+ssty=1;"
(fontspec)             - 'small caps'  (m/sc) with NFSS spec.: 

LaTeX Font Info:    Font shape `TU/FiraMathRegular(1)/m/n' will be
(Font)              scaled to size 10.0pt on input line 80.
LaTeX Font Info:    Encoding `OT1' has changed to `TU' for symbol font
(Font)              `operators' in the math version `normal' on input line 80.
LaTeX Font Info:    Overwriting symbol font `operators' in version `normal'
(Font)                  OT1/cmr/m/n --> TU/FiraMathRegular(1)/m/n on input line
 80.
LaTeX Font Info:    Encoding `OT1' has changed to `TU' for symbol font
(Font)              `operators' in the math version `bold' on input line 80.
LaTeX Font Info:    Overwriting symbol font `operators' in version `bold'
(Font)                  OT1/cmr/bx/n --> TU/FiraMathRegular(1)/b/n on input lin
e 80.

Package fontspec Info: Fira Math Regular scale = 1.0001.


Package fontspec Warning: OpenType feature 'Numbers=Uppercase' (lnum) not
(fontspec)                available for font 'Fira Math Regular' with script
(fontspec)                'Math' and language 'Default'.


Package fontspec Warning: OpenType feature 'Numbers=Uppercase' (tnum) not
(fontspec)                available for font 'Fira Math Regular' with script
(fontspec)                'Math' and language 'Default'.

Requested font "Fira Math Regular/B/OT:script=math;language=dflt;" at 10.00002p
t
 -> ^^^Í^^Ä^^C^^Õ_

Package fontspec Info: Could not resolve font "Fira Math Regular/B" (it
(fontspec)             probably doesn't exist).


Package fontspec Info: Fira Math Regular scale = 1.0001.


Package fontspec Warning: OpenType feature 'Numbers=Uppercase' (lnum) not
(fontspec)                available for font 'Fira Math Regular' with script
(fontspec)                'Math' and language 'Default'.


Package fontspec Warning: OpenType feature 'Numbers=Uppercase' (tnum) not
(fontspec)                available for font 'Fira Math Regular' with script
(fontspec)                'Math' and language 'Default'.


Package fontspec Info: Fira Math Regular scale = 1.0001.


Package fontspec Warning: OpenType feature 'Numbers=Uppercase' (lnum) not
(fontspec)                available for font 'Fira Math Regular' with script
(fontspec)                'Math' and language 'Default'.


Package fontspec Warning: OpenType feature 'Numbers=Uppercase' (tnum) not
(fontspec)                available for font 'Fira Math Regular' with script
(fontspec)                'Math' and language 'Default'.


Package fontspec Info: Fira Math Regular scale = 1.0001.


Package fontspec Warning: OpenType feature 'Numbers=Uppercase' (lnum) not
(fontspec)                available for font 'Fira Math Regular' with script
(fontspec)                'Math' and language 'Default'.


Package fontspec Warning: OpenType feature 'Numbers=Uppercase' (tnum) not
(fontspec)                available for font 'Fira Math Regular' with script
(fontspec)                'Math' and language 'Default'.


Package fontspec Info: Font family 'FiraMathRegular(2)' created for font 'Fira
(fontspec)             Math Regular' with options
(fontspec)             [BoldItalicFont={},ItalicFont={},SmallCapsFont={},Script
=Math,SizeFeatures={{Size=8.6-},{Size=6.5-8.6,Font=Fira
(fontspec)             Math Regular,Style=MathScript},{Size=-6.5,Font=Fira
(fontspec)             Math
(fontspec)             Regular,Style=MathScriptScript}},Scale={1},Numbers={Lini
ng,Monospaced},ScaleAgain=1.0001,FontAdjustment={\fontdimen
(fontspec)             8\font =5.8pt\relax \fontdimen 9\font =4.5pt\relax
(fontspec)             \fontdimen 10\font =4.5pt\relax \fontdimen 11\font
(fontspec)             =7.0pt\relax \fontdimen 12\font =4.8pt\relax \fontdimen
(fontspec)             13\font =4.0pt\relax \fontdimen 14\font =4.0pt\relax
(fontspec)             \fontdimen 15\font =2.7pt\relax \fontdimen 16\font
(fontspec)             =3.5pt\relax \fontdimen 17\font =3.5pt\relax \fontdimen
(fontspec)             18\font =3.6pt\relax \fontdimen 19\font =2.5pt\relax
(fontspec)             \fontdimen 22\font =2.8pt\relax \fontdimen 20\font
(fontspec)             =0pt\relax \fontdimen 21\font =0pt\relax }].
(fontspec)              
(fontspec)              This font family consists of the following NFSS
(fontspec)             series/shapes:
(fontspec)              
(fontspec)             - 'normal' (m/n) with NFSS spec.: <8.6->s*[1.0001]"Fira
(fontspec)             Math
(fontspec)             Regular/OT:script=math;language=dflt;"<6.5-8.6>s*[1.0001
]"Fira
(fontspec)             Math
(fontspec)             Regular/OT:script=math;language=dflt;+ssty=0;"<-6.5>s*[1
.0001]"Fira
(fontspec)             Math Regular/OT:script=math;language=dflt;+ssty=1;"
(fontspec)             - 'small caps'  (m/sc) with NFSS spec.: 
(fontspec)             and font adjustment code:
(fontspec)             \fontdimen 8\font =5.8pt\relax \fontdimen 9\font
(fontspec)             =4.5pt\relax \fontdimen 10\font =4.5pt\relax \fontdimen
(fontspec)             11\font =7.0pt\relax \fontdimen 12\font =4.8pt\relax
(fontspec)             \fontdimen 13\font =4.0pt\relax \fontdimen 14\font
(fontspec)             =4.0pt\relax \fontdimen 15\font =2.7pt\relax \fontdimen
(fontspec)             16\font =3.5pt\relax \fontdimen 17\font =3.5pt\relax
(fontspec)             \fontdimen 18\font =3.6pt\relax \fontdimen 19\font
(fontspec)             =2.5pt\relax \fontdimen 22\font =2.8pt\relax \fontdimen
(fontspec)             20\font =0pt\relax \fontdimen 21\font =0pt\relax 

LaTeX Font Info:    Encoding `OMS' has changed to `TU' for symbol font
(Font)              `symbols' in the math version `normal' on input line 80.
LaTeX Font Info:    Overwriting symbol font `symbols' in version `normal'
(Font)                  OMS/cmsy/m/n --> TU/FiraMathRegular(2)/m/n on input lin
e 80.
LaTeX Font Info:    Encoding `OMS' has changed to `TU' for symbol font
(Font)              `symbols' in the math version `bold' on input line 80.
LaTeX Font Info:    Overwriting symbol font `symbols' in version `bold'
(Font)                  OMS/cmsy/b/n --> TU/FiraMathRegular(2)/b/n on input lin
e 80.

Package fontspec Info: Fira Math Regular scale = 0.9999.


Package fontspec Warning: OpenType feature 'Numbers=Uppercase' (lnum) not
(fontspec)                available for font 'Fira Math Regular' with script
(fontspec)                'Math' and language 'Default'.


Package fontspec Warning: OpenType feature 'Numbers=Uppercase' (tnum) not
(fontspec)                available for font 'Fira Math Regular' with script
(fontspec)                'Math' and language 'Default'.

Requested font "Fira Math Regular/B/OT:script=math;language=dflt;" at 10.00002p
t
 -> ^^þ^^æ^^Ä^^C^^Õ_

Package fontspec Info: Could not resolve font "Fira Math Regular/B" (it
(fontspec)             probably doesn't exist).


Package fontspec Info: Fira Math Regular scale = 0.9999.


Package fontspec Warning: OpenType feature 'Numbers=Uppercase' (lnum) not
(fontspec)                available for font 'Fira Math Regular' with script
(fontspec)                'Math' and language 'Default'.


Package fontspec Warning: OpenType feature 'Numbers=Uppercase' (tnum) not
(fontspec)                available for font 'Fira Math Regular' with script
(fontspec)                'Math' and language 'Default'.


Package fontspec Info: Fira Math Regular scale = 0.9999.


Package fontspec Warning: OpenType feature 'Numbers=Uppercase' (lnum) not
(fontspec)                available for font 'Fira Math Regular' with script
(fontspec)                'Math' and language 'Default'.


Package fontspec Warning: OpenType feature 'Numbers=Uppercase' (tnum) not
(fontspec)                available for font 'Fira Math Regular' with script
(fontspec)                'Math' and language 'Default'.


Package fontspec Info: Fira Math Regular scale = 0.9999.


Package fontspec Warning: OpenType feature 'Numbers=Uppercase' (lnum) not
(fontspec)                available for font 'Fira Math Regular' with script
(fontspec)                'Math' and language 'Default'.


Package fontspec Warning: OpenType feature 'Numbers=Uppercase' (tnum) not
(fontspec)                available for font 'Fira Math Regular' with script
(fontspec)                'Math' and language 'Default'.


Package fontspec Info: Font family 'FiraMathRegular(3)' created for font 'Fira
(fontspec)             Math Regular' with options
(fontspec)             [BoldItalicFont={},ItalicFont={},SmallCapsFont={},Script
=Math,SizeFeatures={{Size=8.6-},{Size=6.5-8.6,Font=Fira
(fontspec)             Math Regular,Style=MathScript},{Size=-6.5,Font=Fira
(fontspec)             Math
(fontspec)             Regular,Style=MathScriptScript}},Scale={1},Numbers={Lini
ng,Monospaced},ScaleAgain=0.9999,FontAdjustment={\fontdimen
(fontspec)             8\font =0.76pt\relax \fontdimen 9\font =1.5pt\relax
(fontspec)             \fontdimen 10\font =1.5pt\relax \fontdimen 11\font
(fontspec)             =1.5pt\relax \fontdimen 12\font =6.0pt\relax \fontdimen
(fontspec)             13\font =0pt\relax }].
(fontspec)              
(fontspec)              This font family consists of the following NFSS
(fontspec)             series/shapes:
(fontspec)              
(fontspec)             - 'normal' (m/n) with NFSS spec.: <8.6->s*[0.9999]"Fira
(fontspec)             Math
(fontspec)             Regular/OT:script=math;language=dflt;"<6.5-8.6>s*[0.9999
]"Fira
(fontspec)             Math
(fontspec)             Regular/OT:script=math;language=dflt;+ssty=0;"<-6.5>s*[0
.9999]"Fira
(fontspec)             Math Regular/OT:script=math;language=dflt;+ssty=1;"
(fontspec)             - 'small caps'  (m/sc) with NFSS spec.: 
(fontspec)             and font adjustment code:
(fontspec)             \fontdimen 8\font =0.76pt\relax \fontdimen 9\font
(fontspec)             =1.5pt\relax \fontdimen 10\font =1.5pt\relax \fontdimen
(fontspec)             11\font =1.5pt\relax \fontdimen 12\font =6.0pt\relax
(fontspec)             \fontdimen 13\font =0pt\relax 

LaTeX Font Info:    Encoding `OMX' has changed to `TU' for symbol font
(Font)              `largesymbols' in the math version `normal' on input line 8
0.
LaTeX Font Info:    Overwriting symbol font `largesymbols' in version `normal'
(Font)                  OMX/cmex/m/n --> TU/FiraMathRegular(3)/m/n on input lin
e 80.
LaTeX Font Info:    Encoding `OMX' has changed to `TU' for symbol font
(Font)              `largesymbols' in the math version `bold' on input line 80.

LaTeX Font Info:    Overwriting symbol font `largesymbols' in version `bold'
(Font)                  OMX/cmex/m/n --> TU/FiraMathRegular(3)/b/n on input lin
e 80.
\c@mv@pnum=\count354
Requested font "Fira Math Regular/B/OT:script=math;language=dflt;" at 10.00002p
t
 -> ^^^Í^^Ä^^C^^Õ_

Package fontspec Info: Could not resolve font "Fira Math Regular/B" (it
(fontspec)             probably doesn't exist).


Package fontspec Info: Font family 'FiraMathRegular(4)' created for font 'Fira
(fontspec)             Math Regular' with options
(fontspec)             [BoldItalicFont={},ItalicFont={},SmallCapsFont={},Script
=Math,Numbers={Proportional},Scale={1}].
(fontspec)              
(fontspec)              This font family consists of the following NFSS
(fontspec)             series/shapes:
(fontspec)              
(fontspec)             - 'normal' (m/n) with NFSS spec.: <->s*[1]"Fira Math
(fontspec)             Regular/OT:script=math;language=dflt;+pnum;"
(fontspec)             - 'small caps'  (m/sc) with NFSS spec.: 

LaTeX Font Info:    Font shape `TU/FiraMathRegular(4)/m/n' will be
(Font)              scaled to size 10.0pt on input line 82.
Requested font "Fira Math Regular/OT:script=math;language=dflt;+pnum;" at 10.0p
t
 -> ^^þ^^æ^^Ä^^C^^Õ_
Requested font "Fira Math Regular/B/OT:script=math;language=dflt;" at 10.00002p
t
 -> ^^î^^è^^O^^9^^E

Package fontspec Info: Could not resolve font "Fira Math Regular/B" (it
(fontspec)             probably doesn't exist).


Package fontspec Info: Font family 'FiraMathRegular(5)' created for font 'Fira
(fontspec)             Math Regular' with options
(fontspec)             [BoldItalicFont={},ItalicFont={},SmallCapsFont={},Script
=Math,SizeFeatures={{Size=8.6-},{Size=6.5-8.6,Font=Fira
(fontspec)             Math Regular,Style=MathScript},{Size=-6.5,Font=Fira
(fontspec)             Math
(fontspec)             Regular,Style=MathScriptScript}},Numbers={Proportional},
Scale={1}].
(fontspec)              
(fontspec)              This font family consists of the following NFSS
(fontspec)             series/shapes:
(fontspec)              
(fontspec)             - 'normal' (m/n) with NFSS spec.: <8.6->s*[1]"Fira Math
(fontspec)             Regular/OT:script=math;language=dflt;+pnum;"<6.5-8.6>s*[
1]"Fira
(fontspec)             Math
(fontspec)             Regular/OT:script=math;language=dflt;+pnum;+ssty=0;"<-6.
5>s*[1]"Fira
(fontspec)             Math
(fontspec)             Regular/OT:script=math;language=dflt;+pnum;+ssty=1;"
(fontspec)             - 'small caps'  (m/sc) with NFSS spec.: 

LaTeX Font Info:    Font shape `TU/FiraMathRegular(5)/m/n' will be
(Font)              scaled to size 10.0pt on input line 82.
LaTeX Font Info:    Encoding `OT1' has changed to `TU' for symbol font
(Font)              `operators' in the math version `pnum' on input line 82.
LaTeX Font Info:    Overwriting symbol font `operators' in version `pnum'
(Font)                  OT1/cmr/m/n --> TU/FiraMathRegular(5)/m/n on input line
 82.

Package fontspec Info: Fira Math Regular scale = 1.0001.

Requested font "Fira Math Regular/B/OT:script=math;language=dflt;" at 10.00002p
t
 -> ^^>^^B^^Â^^C^^Õ_

Package fontspec Info: Could not resolve font "Fira Math Regular/B" (it
(fontspec)             probably doesn't exist).


Package fontspec Info: Fira Math Regular scale = 1.0001.


Package fontspec Info: Fira Math Regular scale = 1.0001.


Package fontspec Info: Fira Math Regular scale = 1.0001.


Package fontspec Info: Font family 'FiraMathRegular(6)' created for font 'Fira
(fontspec)             Math Regular' with options
(fontspec)             [BoldItalicFont={},ItalicFont={},SmallCapsFont={},Script
=Math,SizeFeatures={{Size=8.6-},{Size=6.5-8.6,Font=Fira
(fontspec)             Math Regular,Style=MathScript},{Size=-6.5,Font=Fira
(fontspec)             Math
(fontspec)             Regular,Style=MathScriptScript}},Numbers={Proportional},
Scale={1},ScaleAgain=1.0001,FontAdjustment={\fontdimen
(fontspec)             8\font =5.8pt\relax \fontdimen 9\font =4.5pt\relax
(fontspec)             \fontdimen 10\font =4.5pt\relax \fontdimen 11\font
(fontspec)             =7.0pt\relax \fontdimen 12\font =4.8pt\relax \fontdimen
(fontspec)             13\font =4.0pt\relax \fontdimen 14\font =4.0pt\relax
(fontspec)             \fontdimen 15\font =2.7pt\relax \fontdimen 16\font
(fontspec)             =3.5pt\relax \fontdimen 17\font =3.5pt\relax \fontdimen
(fontspec)             18\font =3.6pt\relax \fontdimen 19\font =2.5pt\relax
(fontspec)             \fontdimen 22\font =2.8pt\relax \fontdimen 20\font
(fontspec)             =0pt\relax \fontdimen 21\font =0pt\relax }].
(fontspec)              
(fontspec)              This font family consists of the following NFSS
(fontspec)             series/shapes:
(fontspec)              
(fontspec)             - 'normal' (m/n) with NFSS spec.: <8.6->s*[1.0001]"Fira
(fontspec)             Math
(fontspec)             Regular/OT:script=math;language=dflt;+pnum;"<6.5-8.6>s*[
1.0001]"Fira
(fontspec)             Math
(fontspec)             Regular/OT:script=math;language=dflt;+pnum;+ssty=0;"<-6.
5>s*[1.0001]"Fira
(fontspec)             Math
(fontspec)             Regular/OT:script=math;language=dflt;+pnum;+ssty=1;"
(fontspec)             - 'small caps'  (m/sc) with NFSS spec.: 
(fontspec)             and font adjustment code:
(fontspec)             \fontdimen 8\font =5.8pt\relax \fontdimen 9\font
(fontspec)             =4.5pt\relax \fontdimen 10\font =4.5pt\relax \fontdimen
(fontspec)             11\font =7.0pt\relax \fontdimen 12\font =4.8pt\relax
(fontspec)             \fontdimen 13\font =4.0pt\relax \fontdimen 14\font
(fontspec)             =4.0pt\relax \fontdimen 15\font =2.7pt\relax \fontdimen
(fontspec)             16\font =3.5pt\relax \fontdimen 17\font =3.5pt\relax
(fontspec)             \fontdimen 18\font =3.6pt\relax \fontdimen 19\font
(fontspec)             =2.5pt\relax \fontdimen 22\font =2.8pt\relax \fontdimen
(fontspec)             20\font =0pt\relax \fontdimen 21\font =0pt\relax 

LaTeX Font Info:    Encoding `OMS' has changed to `TU' for symbol font
(Font)              `symbols' in the math version `pnum' on input line 82.
LaTeX Font Info:    Overwriting symbol font `symbols' in version `pnum'
(Font)                  OMS/cmsy/m/n --> TU/FiraMathRegular(6)/m/n on input lin
e 82.

Package fontspec Info: Fira Math Regular scale = 0.9999.

Requested font "Fira Math Regular/B/OT:script=math;language=dflt;" at 10.00002p
t
 -> ^^:^^Â^^C^^Õ_

Package fontspec Info: Could not resolve font "Fira Math Regular/B" (it
(fontspec)             probably doesn't exist).


Package fontspec Info: Fira Math Regular scale = 0.9999.


Package fontspec Info: Fira Math Regular scale = 0.9999.


Package fontspec Info: Fira Math Regular scale = 0.9999.


Package fontspec Info: Font family 'FiraMathRegular(7)' created for font 'Fira
(fontspec)             Math Regular' with options
(fontspec)             [BoldItalicFont={},ItalicFont={},SmallCapsFont={},Script
=Math,SizeFeatures={{Size=8.6-},{Size=6.5-8.6,Font=Fira
(fontspec)             Math Regular,Style=MathScript},{Size=-6.5,Font=Fira
(fontspec)             Math
(fontspec)             Regular,Style=MathScriptScript}},Numbers={Proportional},
Scale={1},ScaleAgain=0.9999,FontAdjustment={\fontdimen
(fontspec)             8\font =0.76pt\relax \fontdimen 9\font =1.5pt\relax
(fontspec)             \fontdimen 10\font =1.5pt\relax \fontdimen 11\font
(fontspec)             =1.5pt\relax \fontdimen 12\font =6.0pt\relax \fontdimen
(fontspec)             13\font =0pt\relax }].
(fontspec)              
(fontspec)              This font family consists of the following NFSS
(fontspec)             series/shapes:
(fontspec)              
(fontspec)             - 'normal' (m/n) with NFSS spec.: <8.6->s*[0.9999]"Fira
(fontspec)             Math
(fontspec)             Regular/OT:script=math;language=dflt;+pnum;"<6.5-8.6>s*[
0.9999]"Fira
(fontspec)             Math
(fontspec)             Regular/OT:script=math;language=dflt;+pnum;+ssty=0;"<-6.
5>s*[0.9999]"Fira
(fontspec)             Math
(fontspec)             Regular/OT:script=math;language=dflt;+pnum;+ssty=1;"
(fontspec)             - 'small caps'  (m/sc) with NFSS spec.: 
(fontspec)             and font adjustment code:
(fontspec)             \fontdimen 8\font =0.76pt\relax \fontdimen 9\font
(fontspec)             =1.5pt\relax \fontdimen 10\font =1.5pt\relax \fontdimen
(fontspec)             11\font =1.5pt\relax \fontdimen 12\font =6.0pt\relax
(fontspec)             \fontdimen 13\font =0pt\relax 

LaTeX Font Info:    Encoding `OMX' has changed to `TU' for symbol font
(Font)              `largesymbols' in the math version `pnum' on input line 82.

LaTeX Font Info:    Overwriting symbol font `largesymbols' in version `pnum'
(Font)                  OMX/cmex/m/n --> TU/FiraMathRegular(7)/m/n on input lin
e 82.
) (./beamercolorthemefocus.sty) (./beamerfontthemefocus.sty)
(./beamerinnerthemefocus.sty
(/usr/share/texlive/texmf-dist/tex/latex/pgf/frontendlayer/tikz.sty
(/usr/share/texlive/texmf-dist/tex/latex/pgf/basiclayer/pgf.sty
Package: pgf 2023-01-15 v3.1.10 (3.1.10)

(/usr/share/texlive/texmf-dist/tex/generic/pgf/modules/pgfmoduleshapes.code.tex
File: pgfmoduleshapes.code.tex 2023-01-15 v3.1.10 (3.1.10)
\pgfnodeparttextbox=\box78
) (/usr/share/texlive/texmf-dist/tex/generic/pgf/modules/pgfmoduleplot.code.tex
File: pgfmoduleplot.code.tex 2023-01-15 v3.1.10 (3.1.10)
)
(/usr/share/texlive/texmf-dist/tex/latex/pgf/compatibility/pgfcomp-version-0-65
.sty
Package: pgfcomp-version-0-65 2023-01-15 v3.1.10 (3.1.10)
\pgf@nodesepstart=\dimen297
\pgf@nodesepend=\dimen298
)
(/usr/share/texlive/texmf-dist/tex/latex/pgf/compatibility/pgfcomp-version-1-18
.sty
Package: pgfcomp-version-1-18 2023-01-15 v3.1.10 (3.1.10)
)) (/usr/share/texlive/texmf-dist/tex/latex/pgf/utilities/pgffor.sty
(/usr/share/texlive/texmf-dist/tex/generic/pgf/utilities/pgffor.code.tex
Package: pgffor 2023-01-15 v3.1.10 (3.1.10)
\pgffor@iter=\dimen299
\pgffor@skip=\dimen300
\pgffor@stack=\toks48
\pgffor@toks=\toks49
))
(/usr/share/texlive/texmf-dist/tex/generic/pgf/frontendlayer/tikz/tikz.code.tex
Package: tikz 2023-01-15 v3.1.10 (3.1.10)

(/usr/share/texlive/texmf-dist/tex/generic/pgf/libraries/pgflibraryplothandlers
.code.tex
File: pgflibraryplothandlers.code.tex 2023-01-15 v3.1.10 (3.1.10)
\pgf@plot@mark@count=\count355
\pgfplotmarksize=\dimen301
)
\tikz@lastx=\dimen302
\tikz@lasty=\dimen303
\tikz@lastxsaved=\dimen304
\tikz@lastysaved=\dimen305
\tikz@lastmovetox=\dimen306
\tikz@lastmovetoy=\dimen307
\tikzleveldistance=\dimen308
\tikzsiblingdistance=\dimen309
\tikz@figbox=\box79
\tikz@figbox@bg=\box80
\tikz@tempbox=\box81
\tikz@tempbox@bg=\box82
\tikztreelevel=\count356
\tikznumberofchildren=\count357
\tikznumberofcurrentchild=\count358
\tikz@fig@count=\count359

(/usr/share/texlive/texmf-dist/tex/generic/pgf/modules/pgfmodulematrix.code.tex
File: pgfmodulematrix.code.tex 2023-01-15 v3.1.10 (3.1.10)
\pgfmatrixcurrentrow=\count360
\pgfmatrixcurrentcolumn=\count361
\pgf@matrix@numberofcolumns=\count362
)
\tikz@expandcount=\count363

(/usr/share/texlive/texmf-dist/tex/generic/pgf/frontendlayer/tikz/libraries/tik
zlibrarytopaths.code.tex
File: tikzlibrarytopaths.code.tex 2023-01-15 v3.1.10 (3.1.10)
)))) (./beamerouterthemefocus.sty
(/usr/share/texlive/texmf-dist/tex/latex/appendixnumberbeamer/appendixnumberbea
mer.sty) (/usr/share/texlive/texmf-dist/tex/latex/bookmark/bookmark.sty
Package: bookmark 2023-12-10 v1.31 PDF bookmarks (HO)

(/usr/share/texlive/texmf-dist/tex/latex/bookmark/bkm-dvipdfm.def
File: bkm-dvipdfm.def 2023-12-10 v1.31 bookmark driver for dvipdfm (HO)
\BKM@id=\count364
))
\c@realframenumber=\count365
\focus@pbar@height=\skip65
\focus@pbar@leftoffset=\skip66
\focus@pbar@rightoffset=\skip67
))
(/usr/share/texlive/texmf-dist/tex/latex/booktabs/booktabs.sty
Package: booktabs 2020/01/12 v1.61803398 Publication quality tables
\heavyrulewidth=\dimen310
\lightrulewidth=\dimen311
\cmidrulewidth=\dimen312
\belowrulesep=\dimen313
\belowbottomsep=\dimen314
\aboverulesep=\dimen315
\abovetopsep=\dimen316
\cmidrulesep=\dimen317
\cmidrulekern=\dimen318
\defaultaddspace=\dimen319
\@cmidla=\count366
\@cmidlb=\count367
\@aboverulesep=\dimen320
\@belowrulesep=\dimen321
\@thisruleclass=\count368
\@lastruleclass=\count369
\@thisrulewidth=\dimen322
)
(/usr/share/texlive/texmf-dist/tex/latex/tools/array.sty
Package: array 2023/10/16 v2.5g Tabular extension package (FMi)
\col@sep=\dimen323
\ar@mcellbox=\box83
\extrarowheight=\dimen324
\NC@list=\toks50
\extratabsurround=\skip68
\backup@length=\skip69
\ar@cellbox=\box84
)
(/usr/share/texlive/texmf-dist/tex/latex/multirow/multirow.sty
Package: multirow 2021/03/15 v2.8 Span multiple rows of a table
\multirow@colwidth=\skip70
\multirow@cntb=\count370
\multirow@dima=\skip71
\bigstrutjot=\dimen325
)
(/usr/share/texlive/texmf-dist/tex/latex/natbib/natbib.sty
Package: natbib 2010/09/13 8.31b (PWD, AO)
\bibhang=\skip72
\bibsep=\skip73
LaTeX Info: Redefining \cite on input line 694.
\c@NAT@ctr=\count371
)
(/usr/share/texlive/texmf-dist/tex/latex/mathtools/mathtools.sty
Package: mathtools 2022/06/29 v1.29 mathematical typesetting tools

(/usr/share/texlive/texmf-dist/tex/latex/tools/calc.sty
Package: calc 2023/07/08 v4.3 Infix arithmetic (KKT,FJ)
\calc@Acount=\count372
\calc@Bcount=\count373
\calc@Adimen=\dimen326
\calc@Bdimen=\dimen327
\calc@Askip=\skip74
\calc@Bskip=\skip75
LaTeX Info: Redefining \setlength on input line 80.
LaTeX Info: Redefining \addtolength on input line 81.
\calc@Ccount=\count374
\calc@Cskip=\skip76
)
(/usr/share/texlive/texmf-dist/tex/latex/mathtools/mhsetup.sty
Package: mhsetup 2021/03/18 v1.4 programming setup (MH)
)

Package mathtools Warning: For best results, please load mathtools *before* 
(mathtools)                unicode-math on input line 126.

\g_MT_multlinerow_int=\count375
\l_MT_multwidth_dim=\dimen328
\origjot=\skip77
\l_MT_shortvdotswithinadjustabove_dim=\dimen329
\l_MT_shortvdotswithinadjustbelow_dim=\dimen330
\l_MT_above_intertext_sep=\dimen331
\l_MT_below_intertext_sep=\dimen332
\l_MT_above_shortintertext_sep=\dimen333
\l_MT_below_shortintertext_sep=\dimen334
\xmathstrut@box=\box85
\xmathstrut@dim=\dimen335
) (/usr/share/texlive/texmf-dist/tex/latex/pgfplots/pgfplots.sty
(/usr/share/texlive/texmf-dist/tex/generic/pgfplots/pgfplots.revision.tex)
Package: pgfplots 2021/05/15 v1.18.1 Data Visualization (1.18.1)

(/usr/share/texlive/texmf-dist/tex/generic/pgfplots/pgfplots.code.tex
(/usr/share/texlive/texmf-dist/tex/generic/pgfplots/pgfplotscore.code.tex
\t@pgfplots@toka=\toks51
\t@pgfplots@tokb=\toks52
\t@pgfplots@tokc=\toks53
\pgfplots@tmpa=\dimen336
\c@pgfplots@coordindex=\count376
\c@pgfplots@scanlineindex=\count377

(/usr/share/texlive/texmf-dist/tex/generic/pgfplots/sys/pgfplotssysgeneric.code
.tex))
(/usr/share/texlive/texmf-dist/tex/generic/pgfplots/libs/pgfplotslibrary.code.t
ex)
(/usr/share/texlive/texmf-dist/tex/generic/pgfplots/oldpgfcompatib/pgfplotsoldp
gfsupp_loader.code.tex
(/usr/share/texlive/texmf-dist/tex/generic/pgf/libraries/pgflibraryfpu.code.tex
)
Package pgfplots: loading complementary utilities for your pgf version...
\t@pgf@toka=\toks54
\t@pgf@tokb=\toks55
\t@pgf@tokc=\toks56

(/usr/share/texlive/texmf-dist/tex/generic/pgfplots/oldpgfcompatib/pgfplotsoldp
gfsupp_pgfutil-common-lists.tex))
(/usr/share/texlive/texmf-dist/tex/generic/pgfplots/util/pgfplotsutil.code.tex
(/usr/share/texlive/texmf-dist/tex/generic/pgfplots/liststructure/pgfplotslists
tructure.code.tex)
(/usr/share/texlive/texmf-dist/tex/generic/pgfplots/liststructure/pgfplotslists
tructureext.code.tex)
(/usr/share/texlive/texmf-dist/tex/generic/pgfplots/liststructure/pgfplotsarray
.code.tex
\c@pgfplotsarray@tmp=\count378
)
(/usr/share/texlive/texmf-dist/tex/generic/pgfplots/liststructure/pgfplotsmatri
x.code.tex)
(/usr/share/texlive/texmf-dist/tex/generic/pgfplots/numtable/pgfplotstableshare
d.code.tex
\c@pgfplotstable@counta=\count379
\t@pgfplotstable@a=\toks57
)
(/usr/share/texlive/texmf-dist/tex/generic/pgfplots/liststructure/pgfplotsdeque
.code.tex)
(/usr/share/texlive/texmf-dist/tex/generic/pgfplots/util/pgfplotsbinary.code.te
x
(/usr/share/texlive/texmf-dist/tex/generic/pgfplots/util/pgfplotsbinary.data.co
de.tex))
(/usr/share/texlive/texmf-dist/tex/generic/pgfplots/util/pgfplotsutil.verb.code
.tex)
(/usr/share/texlive/texmf-dist/tex/generic/pgfplots/libs/pgflibrarypgfplots.sur
fshading.code.tex
\c@pgfplotslibrarysurf@no=\count380

(/usr/share/texlive/texmf-dist/tex/generic/pgfplots/sys/pgflibrarypgfplots.surf
shading.pgfsys-xetex.def
(/usr/share/texlive/texmf-dist/tex/generic/pgfplots/sys/pgflibrarypgfplots.surf
shading.pgfsys-dvipdfmx.def
\c@pgfplotslibrarysurf@streamlen=\count381
))))
(/usr/share/texlive/texmf-dist/tex/generic/pgfplots/util/pgfplotscolormap.code.
tex
(/usr/share/texlive/texmf-dist/tex/generic/pgfplots/util/pgfplotscolor.code.tex
))
(/usr/share/texlive/texmf-dist/tex/generic/pgfplots/pgfplotsstackedplots.code.t
ex)
(/usr/share/texlive/texmf-dist/tex/generic/pgfplots/pgfplotsplothandlers.code.t
ex
(/usr/share/texlive/texmf-dist/tex/generic/pgfplots/pgfplotsmeshplothandler.cod
e.tex
(/usr/share/texlive/texmf-dist/tex/generic/pgfplots/pgfplotsmeshplotimage.code.
tex)))
(/usr/share/texlive/texmf-dist/tex/generic/pgfplots/pgfplots.scaling.code.tex)
(/usr/share/texlive/texmf-dist/tex/generic/pgfplots/pgfplotscoordprocessing.cod
e.tex)
(/usr/share/texlive/texmf-dist/tex/generic/pgfplots/pgfplots.errorbars.code.tex
) (/usr/share/texlive/texmf-dist/tex/generic/pgfplots/pgfplots.markers.code.tex
) (/usr/share/texlive/texmf-dist/tex/generic/pgfplots/pgfplotsticks.code.tex)
(/usr/share/texlive/texmf-dist/tex/generic/pgfplots/pgfplots.paths.code.tex)
(/usr/share/texlive/texmf-dist/tex/generic/pgf/frontendlayer/tikz/libraries/tik
zlibrarydecorations.code.tex
(/usr/share/texlive/texmf-dist/tex/generic/pgf/modules/pgfmoduledecorations.cod
e.tex
\pgfdecoratedcompleteddistance=\dimen337
\pgfdecoratedremainingdistance=\dimen338
\pgfdecoratedinputsegmentcompleteddistance=\dimen339
\pgfdecoratedinputsegmentremainingdistance=\dimen340
\pgf@decorate@distancetomove=\dimen341
\pgf@decorate@repeatstate=\count382
\pgfdecorationsegmentamplitude=\dimen342
\pgfdecorationsegmentlength=\dimen343
)
\tikz@lib@dec@box=\box86
)
(/usr/share/texlive/texmf-dist/tex/generic/pgf/frontendlayer/tikz/libraries/tik
zlibrarydecorations.pathmorphing.code.tex
(/usr/share/texlive/texmf-dist/tex/generic/pgf/libraries/decorations/pgflibrary
decorations.pathmorphing.code.tex))
(/usr/share/texlive/texmf-dist/tex/generic/pgf/frontendlayer/tikz/libraries/tik
zlibrarydecorations.pathreplacing.code.tex
(/usr/share/texlive/texmf-dist/tex/generic/pgf/libraries/decorations/pgflibrary
decorations.pathreplacing.code.tex))
(/usr/share/texlive/texmf-dist/tex/generic/pgfplots/libs/tikzlibrarypgfplots.co
ntourlua.code.tex)
\pgfplots@numplots=\count383
\pgfplots@xmin@reg=\dimen344
\pgfplots@xmax@reg=\dimen345
\pgfplots@ymin@reg=\dimen346
\pgfplots@ymax@reg=\dimen347
\pgfplots@zmin@reg=\dimen348
\pgfplots@zmax@reg=\dimen349
)
(/usr/share/texlive/texmf-dist/tex/generic/pgf/frontendlayer/tikz/libraries/tik
zlibraryplotmarks.code.tex
File: tikzlibraryplotmarks.code.tex 2023-01-15 v3.1.10 (3.1.10)

(/usr/share/texlive/texmf-dist/tex/generic/pgf/libraries/pgflibraryplotmarks.co
de.tex
File: pgflibraryplotmarks.code.tex 2023-01-15 v3.1.10 (3.1.10)
)))
(/usr/share/texlive/texmf-dist/tex/generic/pgfplots/libs/tikzlibrarypgfplots.da
teplot.code.tex
(/usr/share/texlive/texmf-dist/tex/latex/pgf/utilities/pgfcalendar.sty
(/usr/share/texlive/texmf-dist/tex/generic/pgf/utilities/pgfcalendar.code.tex
File: pgfcalendar.code.tex 2023-01-15 v3.1.10 (3.1.10)
\pgfcalendarcurrentjulian=\count384
\pgf@cal@easter@Y=\count385
\pgf@cal@easter@G=\count386
\pgf@cal@easter@C=\count387
\pgf@cal@easter@X=\count388
\pgf@cal@easter@Z=\count389
\pgf@cal@easter@D=\count390
\pgf@cal@easter@E=\count391
\pgf@cal@easter@N=\count392
\pgf@cal@easter@M=\count393
\pgf@cal@easter@julianday=\count394
)))
(/usr/share/texlive/texmf-dist/tex/generic/pgf/libraries/pgflibraryarrows.meta.
code.tex
File: pgflibraryarrows.meta.code.tex 2023-01-15 v3.1.10 (3.1.10)
\pgfarrowinset=\dimen350
\pgfarrowlength=\dimen351
\pgfarrowwidth=\dimen352
\pgfarrowlinewidth=\dimen353
)
(/usr/share/texlive/texmf-dist/tex/generic/pgf/frontendlayer/tikz/libraries/tik
zlibrarypositioning.code.tex
File: tikzlibrarypositioning.code.tex 2023-01-15 v3.1.10 (3.1.10)
)
(/usr/share/texlive/texmf-dist/tex/latex/float/float.sty
Package: float 2001/11/08 v1.3d Float enhancements (AL)
\c@float@type=\count395
\float@exts=\toks58
\float@box=\box87
\@float@everytoks=\toks59
\@floatcapt=\box88
)
Package hyperref Info: Option `colorlinks' set `true' on input line 39.
 (./demo.aux)
\openout1 = `demo.aux'.

LaTeX Font Info:    Checking defaults for OML/cmm/m/it on input line 93.
LaTeX Font Info:    ... okay on input line 93.
LaTeX Font Info:    Checking defaults for OMS/cmsy/m/n on input line 93.
LaTeX Font Info:    ... okay on input line 93.
LaTeX Font Info:    Checking defaults for OT1/cmr/m/n on input line 93.
LaTeX Font Info:    ... okay on input line 93.
LaTeX Font Info:    Checking defaults for T1/cmr/m/n on input line 93.
LaTeX Font Info:    ... okay on input line 93.
LaTeX Font Info:    Checking defaults for TS1/cmr/m/n on input line 93.
LaTeX Font Info:    ... okay on input line 93.
LaTeX Font Info:    Checking defaults for TU/lmr/m/n on input line 93.
LaTeX Font Info:    ... okay on input line 93.
LaTeX Font Info:    Checking defaults for OMX/cmex/m/n on input line 93.
LaTeX Font Info:    ... okay on input line 93.
LaTeX Font Info:    Checking defaults for U/cmr/m/n on input line 93.
LaTeX Font Info:    ... okay on input line 93.
LaTeX Font Info:    Checking defaults for PD1/pdf/m/n on input line 93.
LaTeX Font Info:    ... okay on input line 93.
LaTeX Font Info:    Checking defaults for PU/pdf/m/n on input line 93.
LaTeX Font Info:    ... okay on input line 93.

*geometry* driver: auto-detecting
*geometry* detected driver: xetex
*geometry* verbose mode - [ preamble ] result:
* driver: xetex
* paper: custom
* layout: <same size as paper>
* layoutoffset:(h,v)=(0.0pt,0.0pt)
* modes: includehead includefoot 
* h-part:(L,W,R)=(21.33955pt, 321.51625pt, 21.33955pt)
* v-part:(T,H,B)=(0.0pt, 273.14662pt, 0.0pt)
* \paperwidth=364.19536pt
* \paperheight=273.14662pt
* \textwidth=321.51625pt
* \textheight=244.6939pt
* \oddsidemargin=-50.93044pt
* \evensidemargin=-50.93044pt
* \topmargin=-72.26999pt
* \headheight=14.22636pt
* \headsep=0.0pt
* \topskip=10.0pt
* \footskip=14.22636pt
* \marginparwidth=3.0pt
* \marginparsep=11.0pt
* \columnsep=10.0pt
* \skip\footins=9.0pt plus 4.0pt minus 2.0pt
* \hoffset=0.0pt
* \voffset=0.0pt
* \mag=1000
* \@twocolumnfalse
* \@twosidefalse
* \@mparswitchfalse
* \@reversemarginfalse
* (1in=72.27pt=25.4mm, 1cm=28.453pt)

Package hyperref Info: Link coloring ON on input line 93.

(/usr/share/texlive/texmf-dist/tex/latex/translator/translator-basic-dictionary
-English.dict
Dictionary: translator-basic-dictionary, Language: English 
)
(/usr/share/texlive/texmf-dist/tex/latex/translator/translator-bibliography-dic
tionary-English.dict
Dictionary: translator-bibliography-dictionary, Language: English 
)
(/usr/share/texlive/texmf-dist/tex/latex/translator/translator-environment-dict
ionary-English.dict
Dictionary: translator-environment-dictionary, Language: English 
)
(/usr/share/texlive/texmf-dist/tex/latex/translator/translator-months-dictionar
y-English.dict
Dictionary: translator-months-dictionary, Language: English 
)
(/usr/share/texlive/texmf-dist/tex/latex/translator/translator-numbers-dictiona
ry-English.dict
Dictionary: translator-numbers-dictionary, Language: English 
)
(/usr/share/texlive/texmf-dist/tex/latex/translator/translator-theorem-dictiona
ry-English.dict
Dictionary: translator-theorem-dictionary, Language: English 
)
LaTeX Font Info:    Overwriting math alphabet `\mathrm' in version `normal'
(Font)                  TU/FiraMathRegular(1)/m/n --> TU/lmr/m/n on input line 
93.
LaTeX Font Info:    Overwriting math alphabet `\mathit' in version `normal'
(Font)                  OT1/cmr/m/it --> TU/lmr/m/it on input line 93.
LaTeX Font Info:    Overwriting math alphabet `\mathbf' in version `normal'
(Font)                  OT1/cmr/bx/n --> TU/lmr/bx/n on input line 93.
LaTeX Font Info:    Overwriting math alphabet `\mathsf' in version `normal'
(Font)                  OT1/cmss/m/n --> TU/FiraSans(0)/m/n on input line 93.
LaTeX Font Info:    Overwriting math alphabet `\mathsf' in version `bold'
(Font)                  OT1/cmss/bx/n --> TU/FiraSans(0)/bx/n on input line 93.

LaTeX Font Info:    Overwriting math alphabet `\mathtt' in version `normal'
(Font)                  OT1/cmtt/m/n --> TU/FiraMono(0)/m/n on input line 93.
LaTeX Font Info:    Overwriting math alphabet `\mathtt' in version `bold'
(Font)                  OT1/cmtt/m/n --> TU/FiraMono(0)/bx/n on input line 93.


Package unicode-math Warning: Using \overbracket and \underbracket from
(unicode-math)                `mathtools' package.
(unicode-math)                 
(unicode-math)                 Use \Uoverbracket and \Uunderbracket for
(unicode-math)                original `unicode-math' definition.


Package unicode-math Warning: I'm going to overwrite the following commands
(unicode-math)                from the `mathtools' package: 
(unicode-math)                 
(unicode-math)                     \dblcolon, \coloneqq, \Coloneqq, \eqqcolon.
(unicode-math)                
(unicode-math)                 
(unicode-math)                 Note that since I won't overwrite the other
(unicode-math)                colon-like commands, using them will lead to
(unicode-math)                inconsistencies.


Package pgfplots Warning: running in backwards compatibility mode (unsuitable t
ick labels; missing features). Consider writing \pgfplotsset{compat=1.18} into 
your preamble.
 on input line 93.

(./demo.nav)
LaTeX Font Info:    Font shape `TU/FiraSans(0)/m/n' will be
(Font)              scaled to size 5.0pt on input line 93.
Requested font "[FiraSans-Regular.otf]/OT:script=latn;language=dflt;+pnum;+onum
;mapping=tex-text;" at 5.0pt
 -> /usr/share/texlive/texmf-dist/fonts/opentype/public/fira/FiraSans-Regular.o
tf
LaTeX Font Info:    Font shape `TU/FiraSans(0)/m/n' will be
(Font)              scaled to size 7.0pt on input line 93.
Requested font "[FiraSans-Regular.otf]/OT:script=latn;language=dflt;+pnum;+onum
;mapping=tex-text;" at 7.0pt
 -> /usr/share/texlive/texmf-dist/fonts/opentype/public/fira/FiraSans-Regular.o
tf
LaTeX Font Info:    Font shape `TU/FiraSans(0)/m/n' will be
(Font)              scaled to size 17.28pt on input line 95.
Requested font "[FiraSans-Regular.otf]/OT:script=latn;language=dflt;+pnum;+onum
;mapping=tex-text;" at 17.28pt
 -> /usr/share/texlive/texmf-dist/fonts/opentype/public/fira/FiraSans-Regular.o
tf
LaTeX Font Info:    Font shape `TU/FiraSans(0)/m/sc' will be
(Font)              scaled to size 17.28pt on input line 95.
Requested font "[FiraSans-Regular.otf]/OT:script=latn;language=dflt;+pnum;+onum
;+smcp;mapping=tex-text;" at 17.28pt
 -> /usr/share/texlive/texmf-dist/fonts/opentype/public/fira/FiraSans-Regular.o
tf
LaTeX Font Info:    Font shape `TU/FiraSans(0)/b/sc' will be
(Font)              scaled to size 17.28pt on input line 95.
Requested font "[FiraSans-Bold.otf]/OT:script=latn;language=dflt;+pnum;+onum;+s
mcp;mapping=tex-text;" at 17.28pt
 -> /usr/share/texlive/texmf-dist/fonts/opentype/public/fira/FiraSans-Bold.otf
LaTeX Font Info:    Font shape `TU/FiraSans(0)/m/sc' will be
(Font)              scaled to size 10.0pt on input line 95.
Requested font "[FiraSans-Regular.otf]/OT:script=latn;language=dflt;+pnum;+onum
;+smcp;mapping=tex-text;" at 10.0pt
 -> /usr/share/texlive/texmf-dist/fonts/opentype/public/fira/FiraSans-Regular.o
tf
LaTeX Font Info:    Font shape `TU/FiraSans(0)/m/n' will be
(Font)              scaled to size 14.4pt on input line 95.
Requested font "[FiraSans-Regular.otf]/OT:script=latn;language=dflt;+pnum;+onum
;mapping=tex-text;" at 14.4pt
 -> /usr/share/texlive/texmf-dist/fonts/opentype/public/fira/FiraSans-Regular.o
tf
LaTeX Font Info:    Font shape `TU/FiraSans(0)/m/sc' will be
(Font)              scaled to size 14.4pt on input line 95.
Requested font "[FiraSans-Regular.otf]/OT:script=latn;language=dflt;+pnum;+onum
;+smcp;mapping=tex-text;" at 14.4pt
 -> /usr/share/texlive/texmf-dist/fonts/opentype/public/fira/FiraSans-Regular.o
tf
LaTeX Font Info:    Font shape `TU/FiraSans(0)/m/n' will be
(Font)              scaled to size 9.0pt on input line 95.
Requested font "[FiraSans-Regular.otf]/OT:script=latn;language=dflt;+pnum;+onum
;mapping=tex-text;" at 9.0pt
 -> /usr/share/texlive/texmf-dist/fonts/opentype/public/fira/FiraSans-Regular.o
tf
LaTeX Font Info:    Font shape `TU/FiraSans(0)/m/sc' will be
(Font)              scaled to size 9.0pt on input line 95.
Requested font "[FiraSans-Regular.otf]/OT:script=latn;language=dflt;+pnum;+onum
;+smcp;mapping=tex-text;" at 9.0pt
 -> /usr/share/texlive/texmf-dist/fonts/opentype/public/fira/FiraSans-Regular.o
tf
LaTeX Font Info:    Font shape `TU/FiraSans(0)/m/n' will be
(Font)              scaled to size 12.0pt on input line 95.
Requested font "[FiraSans-Regular.otf]/OT:script=latn;language=dflt;+pnum;+onum
;mapping=tex-text;" at 12.0pt
 -> /usr/share/texlive/texmf-dist/fonts/opentype/public/fira/FiraSans-Regular.o
tf
LaTeX Font Info:    Font shape `TU/FiraSans(0)/m/sc' will be
(Font)              scaled to size 12.0pt on input line 95.
Requested font "[FiraSans-Regular.otf]/OT:script=latn;language=dflt;+pnum;+onum
;+smcp;mapping=tex-text;" at 12.0pt
 -> /usr/share/texlive/texmf-dist/fonts/opentype/public/fira/FiraSans-Regular.o
tf
LaTeX Font Info:    Font shape `TU/FiraSans(0)/m/n' will be
(Font)              scaled to size 4.0pt on input line 95.
Requested font "[FiraSans-Regular.otf]/OT:script=latn;language=dflt;+pnum;+onum
;mapping=tex-text;" at 4.0pt
 -> /usr/share/texlive/texmf-dist/fonts/opentype/public/fira/FiraSans-Regular.o
tf
 [1

] (./demo.toc) [2

]
LaTeX Font Info:    Font shape `TU/FiraSans(0)/m/n' will be
(Font)              scaled to size 20.74pt on input line 103.
Requested font "[FiraSans-Regular.otf]/OT:script=latn;language=dflt;+pnum;+onum
;mapping=tex-text;" at 20.74pt
 -> /usr/share/texlive/texmf-dist/fonts/opentype/public/fira/FiraSans-Regular.o
tf
LaTeX Font Info:    Font shape `TU/FiraSans(0)/m/sc' will be
(Font)              scaled to size 20.74pt on input line 103.
Requested font "[FiraSans-Regular.otf]/OT:script=latn;language=dflt;+pnum;+onum
;+smcp;mapping=tex-text;" at 20.74pt
 -> /usr/share/texlive/texmf-dist/fonts/opentype/public/fira/FiraSans-Regular.o
tf
LaTeX Font Info:    Font shape `TU/FiraSans(0)/b/sc' will be
(Font)              scaled to size 20.74pt on input line 103.
Requested font "[FiraSans-Bold.otf]/OT:script=latn;language=dflt;+pnum;+onum;+s
mcp;mapping=tex-text;" at 20.74pt
 -> /usr/share/texlive/texmf-dist/fonts/opentype/public/fira/FiraSans-Bold.otf
LaTeX Font Info:    Font shape `TU/FiraSans(0)/b/sc' will be
(Font)              scaled to size 14.4pt on input line 103.
Requested font "[FiraSans-Bold.otf]/OT:script=latn;language=dflt;+pnum;+onum;+s
mcp;mapping=tex-text;" at 14.4pt
 -> /usr/share/texlive/texmf-dist/fonts/opentype/public/fira/FiraSans-Bold.otf
 [3

]
LaTeX Font Info:    Font shape `TU/FiraSans(0)/b/n' will be
(Font)              scaled to size 10.0pt on input line 114.
Requested font "[FiraSans-Bold.otf]/OT:script=latn;language=dflt;+pnum;+onum;ma
pping=tex-text;" at 10.0pt
 -> /usr/share/texlive/texmf-dist/fonts/opentype/public/fira/FiraSans-Bold.otf
 [4

] [5

]
LaTeX Font Info:    Font shape `TU/FiraMathRegular(1)/m/n' will be
(Font)              scaled to size 7.2pt on input line 132.
Requested font "Fira Math Regular/OT:script=math;language=dflt;+ssty=0;" at 7.2
pt
 -> #^^Ó^^ü^^C^^Õ_
LaTeX Font Info:    Font shape `TU/FiraMathRegular(1)/m/n' will be
(Font)              scaled to size 5.8pt on input line 132.
Requested font "Fira Math Regular/OT:script=math;language=dflt;+ssty=1;" at 5.8
pt
 -> s^^Ç^^þ^^C^^Õ_
Requested font "cmmi7" at 7.2pt
 -> /usr/share/texlive/texmf-dist/fonts/tfm/public/cm/cmmi7.tfm
Requested font "cmmi5" at 5.8pt
 -> /usr/share/texlive/texmf-dist/fonts/tfm/public/cm/cmmi5.tfm
LaTeX Font Info:    Font shape `TU/FiraMathRegular(2)/m/n' will be
(Font)              scaled to size 10.00107pt on input line 132.
Requested font "Fira Math Regular/OT:script=math;language=dflt;" at 10.00107pt
 -> ^^ój^^ú^^C^^Õ_
LaTeX Font Info:    Font shape `TU/FiraMathRegular(2)/m/n' will be
(Font)              scaled to size 7.20076pt on input line 132.
Requested font "Fira Math Regular/OT:script=math;language=dflt;+ssty=0;" at 7.2
0076pt
 -> o^^ë^^O^^9^^E
LaTeX Font Info:    Font shape `TU/FiraMathRegular(2)/m/n' will be
(Font)              scaled to size 5.80061pt on input line 132.
Requested font "Fira Math Regular/OT:script=math;language=dflt;+ssty=1;" at 5.8
0061pt
 -> o^^ë^^O^^9^^E
LaTeX Font Info:    Font shape `TU/FiraMathRegular(3)/m/n' will be
(Font)              scaled to size 9.99893pt on input line 132.
Requested font "Fira Math Regular/OT:script=math;language=dflt;" at 9.99893pt
 -> o^^ë^^O^^9^^E
LaTeX Font Info:    Font shape `TU/FiraMathRegular(3)/m/n' will be
(Font)              scaled to size 7.19922pt on input line 132.
Requested font "Fira Math Regular/OT:script=math;language=dflt;+ssty=0;" at 7.1
9922pt
 -> ^^ì^^ë^^O^^9^^E
LaTeX Font Info:    Font shape `TU/FiraMathRegular(3)/m/n' will be
(Font)              scaled to size 5.79938pt on input line 132.
Requested font "Fira Math Regular/OT:script=math;language=dflt;+ssty=1;" at 5.7
9938pt
 -> ^^ì^^ë^^O^^9^^E
LaTeX Font Info:    Trying to load font information for U+msa on input line 132
.

(/usr/share/texlive/texmf-dist/tex/latex/amsfonts/umsa.fd
File: umsa.fd 2013/01/14 v3.01 AMS symbols A
)
Requested font "msam10" at 10.0pt
 -> /usr/share/texlive/texmf-dist/fonts/tfm/public/amsfonts/symbols/msam10.tfm
Requested font "msam7" at 7.2pt
 -> /usr/share/texlive/texmf-dist/fonts/tfm/public/amsfonts/symbols/msam7.tfm
Requested font "msam5" at 5.8pt
 -> /usr/share/texlive/texmf-dist/fonts/tfm/public/amsfonts/symbols/msam5.tfm
LaTeX Font Info:    Trying to load font information for U+msb on input line 132
.

(/usr/share/texlive/texmf-dist/tex/latex/amsfonts/umsb.fd
File: umsb.fd 2013/01/14 v3.01 AMS symbols B
)
Requested font "msbm10" at 10.0pt
 -> /usr/share/texlive/texmf-dist/fonts/tfm/public/amsfonts/symbols/msbm10.tfm
Requested font "msbm7" at 7.2pt
 -> /usr/share/texlive/texmf-dist/fonts/tfm/public/amsfonts/symbols/msbm7.tfm
Requested font "msbm5" at 5.8pt
 -> /usr/share/texlive/texmf-dist/fonts/tfm/public/amsfonts/symbols/msbm5.tfm
LaTeX Font Info:    Font shape `TU/FiraSans(0)/m/it' will be
(Font)              scaled to size 10.0pt on input line 132.
Requested font "[FiraSans-Italic.otf]/OT:script=latn;language=dflt;+pnum;+onum;
mapping=tex-text;" at 10.0pt
 -> /usr/share/texlive/texmf-dist/fonts/opentype/public/fira/FiraSans-Italic.ot
f
 [6

] [7

] [8

] [9

]
[10

] [11

] [12

]
LaTeX Font Info:    Font shape `TU/FiraMathRegular(1)/m/n' will be
(Font)              scaled to size 7.0pt on input line 277.
Requested font "Fira Math Regular/OT:script=math;language=dflt;+ssty=0;" at 7.0
pt
 -> UE^^ð^^C^^Õ_
LaTeX Font Info:    Font shape `TU/FiraMathRegular(1)/m/n' will be
(Font)              scaled to size 5.0pt on input line 277.
Requested font "Fira Math Regular/OT:script=math;language=dflt;+ssty=1;" at 5.0
pt
 -> ^^5^^ ^^ð^^C^^Õ_
LaTeX Font Info:    Font shape `TU/FiraMathRegular(2)/m/n' will be
(Font)              scaled to size 7.00075pt on input line 277.
Requested font "Fira Math Regular/OT:script=math;language=dflt;+ssty=0;" at 7.0
0075pt
 -> ^^Å^^^^ð^^C^^Õ_
LaTeX Font Info:    Font shape `TU/FiraMathRegular(2)/m/n' will be
(Font)              scaled to size 5.00053pt on input line 277.
Requested font "Fira Math Regular/OT:script=math;language=dflt;+ssty=1;" at 5.0
0053pt
 -> ^^5^^ë^^O^^9^^E
LaTeX Font Info:    Font shape `TU/FiraMathRegular(3)/m/n' will be
(Font)              scaled to size 6.99925pt on input line 277.
Requested font "Fira Math Regular/OT:script=math;language=dflt;+ssty=0;" at 6.9
9925pt
 -> ^^5^^ë^^O^^9^^E
LaTeX Font Info:    Font shape `TU/FiraMathRegular(3)/m/n' will be
(Font)              scaled to size 4.99947pt on input line 277.
Requested font "Fira Math Regular/OT:script=math;language=dflt;+ssty=1;" at 4.9
9947pt
 -> ^^5^^ë^^O^^9^^E
Requested font "msam7" at 7.0pt
 -> /usr/share/texlive/texmf-dist/fonts/tfm/public/amsfonts/symbols/msam7.tfm
Requested font "msam5" at 5.0pt
 -> /usr/share/texlive/texmf-dist/fonts/tfm/public/amsfonts/symbols/msam5.tfm
Requested font "msbm7" at 7.0pt
 -> /usr/share/texlive/texmf-dist/fonts/tfm/public/amsfonts/symbols/msbm7.tfm
Requested font "msbm5" at 5.0pt
 -> /usr/share/texlive/texmf-dist/fonts/tfm/public/amsfonts/symbols/msbm5.tfm
LaTeX Font Info:    Font shape `TU/FiraSans(0)/b/n' will be
(Font)              scaled to size 7.0pt on input line 277.
Requested font "[FiraSans-Bold.otf]/OT:script=latn;language=dflt;+pnum;+onum;ma
pping=tex-text;" at 7.0pt
 -> /usr/share/texlive/texmf-dist/fonts/opentype/public/fira/FiraSans-Bold.otf

Underfull \hbox (badness 3009) in paragraph at lines 277--277
[]|\TU/FiraSans(0)/m/n/7 The three-subgame template we
 []

LaTeX Font Info:    Font shape `TU/FiraSans(0)/m/it' will be
(Font)              scaled to size 7.0pt on input line 277.
Requested font "[FiraSans-Italic.otf]/OT:script=latn;language=dflt;+pnum;+onum;
mapping=tex-text;" at 7.0pt
 -> /usr/share/texlive/texmf-dist/fonts/opentype/public/fira/FiraSans-Italic.ot
f

Underfull \hbox (badness 5533) in paragraph at lines 277--277
[]|\TU/FiraSans(0)/m/n/7 Signal $[]$ pooling; the perfect-
 []


Overfull \hbox (8.00034pt too wide) in paragraph at lines 277--277
[][]  
 []

[13

] [14

] [15

] [16

] [17

] [18

]
LaTeX Font Info:    Font shape `TU/FiraSans(0)/m/n' will be
(Font)              scaled to size 8.0pt on input line 379.
Requested font "[FiraSans-Regular.otf]/OT:script=latn;language=dflt;+pnum;+onum
;mapping=tex-text;" at 8.0pt
 -> /usr/share/texlive/texmf-dist/fonts/opentype/public/fira/FiraSans-Regular.o
tf
 [19

] [20

] [21

] [22

] [23

] [24

] [25

] [26

] [27

]
[28

]
LaTeX Font Info:    Font shape `TU/FiraMathRegular(1)/m/n' will be
(Font)              scaled to size 14.4pt on input line 492.
Requested font "Fira Math Regular/OT:script=math;language=dflt;" at 14.4pt
 -> H%^^^^C^^Õ_
Requested font "cmmi12" at 14.4pt
 -> /usr/share/texlive/texmf-dist/fonts/tfm/public/cm/cmmi12.tfm
LaTeX Font Info:    Font shape `TU/FiraMathRegular(2)/m/n' will be
(Font)              scaled to size 14.40152pt on input line 492.
Requested font "Fira Math Regular/OT:script=math;language=dflt;" at 14.40152pt
 -> ^^\^^S^^^^C^^Õ_
LaTeX Font Info:    Font shape `TU/FiraMathRegular(3)/m/n' will be
(Font)              scaled to size 14.39845pt on input line 492.
Requested font "Fira Math Regular/OT:script=math;language=dflt;" at 14.39845pt
 -> ^^ú^^&^^ü^^C^^Õ_
Requested font "msam10" at 14.4pt
 -> /usr/share/texlive/texmf-dist/fonts/tfm/public/amsfonts/symbols/msam10.tfm
Requested font "msbm10" at 14.4pt
 -> /usr/share/texlive/texmf-dist/fonts/tfm/public/amsfonts/symbols/msbm10.tfm
 [29

] [30

] [31

] [32

] [33

] [34

]
LaTeX Font Info:    Font shape `TU/FiraMathRegular(1)/m/n' will be
(Font)              scaled to size 9.0pt on input line 586.
Requested font "Fira Math Regular/OT:script=math;language=dflt;" at 9.0pt
 -> ^^Y^^Ý^^^^C^^Õ_
LaTeX Font Info:    Font shape `TU/FiraMathRegular(1)/m/n' will be
(Font)              scaled to size 6.0pt on input line 586.
Requested font "Fira Math Regular/OT:script=math;language=dflt;+ssty=1;" at 6.0
pt
 -> ^^ ^^8^^^^C^^Õ_
Requested font "cmmi9" at 9.0pt
 -> /usr/share/texlive/texmf-dist/fonts/tfm/public/cm/cmmi9.tfm
Requested font "cmmi6" at 6.0pt
 -> /usr/share/texlive/texmf-dist/fonts/tfm/public/cm/cmmi6.tfm
LaTeX Font Info:    Font shape `TU/FiraMathRegular(2)/m/n' will be
(Font)              scaled to size 9.00096pt on input line 586.
Requested font "Fira Math Regular/OT:script=math;language=dflt;" at 9.00096pt
 -> @^^æ^^^^C^^Õ_
LaTeX Font Info:    Font shape `TU/FiraMathRegular(2)/m/n' will be
(Font)              scaled to size 6.00064pt on input line 586.
Requested font "Fira Math Regular/OT:script=math;language=dflt;+ssty=1;" at 6.0
0064pt
 -> d^^í^^O^^9^^E
LaTeX Font Info:    Font shape `TU/FiraMathRegular(3)/m/n' will be
(Font)              scaled to size 8.99904pt on input line 586.
Requested font "Fira Math Regular/OT:script=math;language=dflt;" at 8.99904pt
 -> d^^í^^O^^9^^E
LaTeX Font Info:    Font shape `TU/FiraMathRegular(3)/m/n' will be
(Font)              scaled to size 5.99936pt on input line 586.
Requested font "Fira Math Regular/OT:script=math;language=dflt;+ssty=1;" at 5.9
9936pt
 -> x^^í^^O^^9^^E
Requested font "msam10" at 9.0pt
 -> /usr/share/texlive/texmf-dist/fonts/tfm/public/amsfonts/symbols/msam10.tfm
Requested font "msam7" at 6.0pt
 -> /usr/share/texlive/texmf-dist/fonts/tfm/public/amsfonts/symbols/msam7.tfm
Requested font "msbm10" at 9.0pt
 -> /usr/share/texlive/texmf-dist/fonts/tfm/public/amsfonts/symbols/msbm10.tfm
Requested font "msbm7" at 6.0pt
 -> /usr/share/texlive/texmf-dist/fonts/tfm/public/amsfonts/symbols/msbm7.tfm
 [35

] [36

] [37

] [38

]
LaTeX Font Info:    Font shape `TU/FiraMathRegular(1)/m/n' will be
(Font)              scaled to size 12.0pt on input line 625.
Requested font "Fira Math Regular/OT:script=math;language=dflt;" at 12.0pt
 -> ^^â
^^^^C^^Õ_
LaTeX Font Info:    Font shape `TU/FiraMathRegular(1)/m/n' will be
(Font)              scaled to size 8.0pt on input line 625.
Requested font "Fira Math Regular/OT:script=math;language=dflt;+ssty=0;" at 8.0
pt
 -> ^^G^^^^^^C^^Õ_
Requested font "cmmi12" at 12.0pt
 -> /usr/share/texlive/texmf-dist/fonts/tfm/public/cm/cmmi12.tfm
Requested font "cmmi8" at 8.0pt
 -> /usr/share/texlive/texmf-dist/fonts/tfm/public/cm/cmmi8.tfm
LaTeX Font Info:    Font shape `TU/FiraMathRegular(2)/m/n' will be
(Font)              scaled to size 12.00128pt on input line 625.
Requested font "Fira Math Regular/OT:script=math;language=dflt;" at 12.00128pt
 -> w
^^^^C^^Õ_
LaTeX Font Info:    Font shape `TU/FiraMathRegular(2)/m/n' will be
(Font)              scaled to size 8.00085pt on input line 625.
Requested font "Fira Math Regular/OT:script=math;language=dflt;+ssty=0;" at 8.0
0085pt
 -> ^^'^^í^^O^^9^^E
LaTeX Font Info:    Font shape `TU/FiraMathRegular(3)/m/n' will be
(Font)              scaled to size 11.99872pt on input line 625.
Requested font "Fira Math Regular/OT:script=math;language=dflt;" at 11.99872pt
 -> ^^'^^í^^O^^9^^E
LaTeX Font Info:    Font shape `TU/FiraMathRegular(3)/m/n' will be
(Font)              scaled to size 7.99915pt on input line 625.
Requested font "Fira Math Regular/OT:script=math;language=dflt;+ssty=0;" at 7.9
9915pt
 -> ^^;^^í^^O^^9^^E
Requested font "msam10" at 12.0pt
 -> /usr/share/texlive/texmf-dist/fonts/tfm/public/amsfonts/symbols/msam10.tfm
Requested font "msam10" at 8.0pt
 -> /usr/share/texlive/texmf-dist/fonts/tfm/public/amsfonts/symbols/msam10.tfm
Requested font "msbm10" at 12.0pt
 -> /usr/share/texlive/texmf-dist/fonts/tfm/public/amsfonts/symbols/msbm10.tfm
Requested font "msbm10" at 8.0pt
 -> /usr/share/texlive/texmf-dist/fonts/tfm/public/amsfonts/symbols/msbm10.tfm
 [39

] [40

] [41

] [42

]
[43

] [44

] [45

]
File: figures/fig5_regions.pdf Graphic file (type pdf)
<use figures/fig5_regions.pdf>
LaTeX Font Info:    Font shape `TU/FiraSans(0)/m/it' will be
(Font)              scaled to size 9.0pt on input line 728.
Requested font "[FiraSans-Italic.otf]/OT:script=latn;language=dflt;+pnum;+onum;
mapping=tex-text;" at 9.0pt
 -> /usr/share/texlive/texmf-dist/fonts/opentype/public/fira/FiraSans-Italic.ot
f
 [46

] [47

]
File: figures/fig5_uniform_regions.pdf Graphic file (type pdf)
<use figures/fig5_uniform_regions.pdf>
 [48

] [49

] [50

] [51

] [52

] [53

] [54

] [55

] [56

] [57

]
[58

] [59

]
File: figures/fig6_qs_regions.pdf Graphic file (type pdf)
<use figures/fig6_qs_regions.pdf>
 [60

] [61

]
File: figures/fig6_pooling_regions.pdf Graphic file (type pdf)
<use figures/fig6_pooling_regions.pdf>
 [62

]
File: figures/fig6_spectrum.pdf Graphic file (type pdf)
<use figures/fig6_spectrum.pdf>
 [63

] [64

] [65

] [66

] [67

] [68

] (./demo.bbl) [69

]
[70


] [71

] [72

] [73


] [74


] [75

] [76


] [77

] [78


] [79

] [80


] [81

] [82

] [83

] [84

]
[85

] [86

] [87


]
\tf@nav=\write5
\openout5 = `demo.nav'.

\tf@toc=\write6
\openout6 = `demo.toc'.

\tf@snm=\write7
\openout7 = `demo.snm'.

 (./demo.aux)
 ***********
LaTeX2e <2023-11-01> patch level 1
L3 programming layer <2024-01-22>
 ***********
 ) 
Here is how much of TeX's memory you used:
 44309 strings out of 476443
 1051267 string characters out of 5793962
 1940627 words of memory out of 5000000
 65362 multiletter control sequences out of 15000+600000
 570730 words of font info for 178 fonts, out of 8000000 for 9000
 264 hyphenation exceptions out of 8191
 128i,14n,150p,729b,1075s stack positions out of 10000i,1000n,20000p,200000b,200000s

Output written on demo.pdf (87 pages).
